0,1,2,3,4,5,6,7,8,9,10,11,12,13,14,15,16,17,18,19
340.0,300.0,263.0,230.0,189.0,143.0,111.0,91.0,75.0,68.0,69.0,81.0,105.0,142.0,190.0,234.0,259.0,281.0,304.0,280.0
238.0,196.0,162.0,140.0,130.0,121.0,101.0,75.0,65.0,78.0,108.0,126.0,111.0,88.0,85.0,106.0,127.0,140.0,150.0,158.0
160.0,138.0,141.0,178.0,189.0,187.0,193.0,202.0,206.0,196.0,179.0,175.0,191.0,205.0,206.0,202.0,195.0,199.0,195.0,191.0
212.0,211.0,206.0,204.0,190.0,171.0,188.0,201.0,205.0,206.0,207.0,206.0,191.0,182.0,178.0,156.0,174.0,224.0,259.0,267.0
244.0,222.0,192.0,152.0,124.0,117.0,117.0,115.0,110.0,106.0,119.0,162.0,215.0,221.0,171.0,120.0,87.0,70.0,65.0,84.0
141.0,183.0,212.0,232.0,218.0,198.0,164.0,149.0,160.0,175.0,189.0,204.0,213.0,240.0,270.0,237.0,156.0,87.0,62.0,62.0
94.0,151.0,196.0,237.0,246.0,209.0,187.0,195.0,208.0,229.0,281.0,316.0,314.0,302.0,296.0,295.0,278.0,270.0,296.0,297.0
262.0,243.0,260.0,291.0,320.0,322.0,326.0,344.0,344.0,333.0,334.0,339.0,338.0,318.0,307.0,327.0,334.0,338.0,322.0,297.0
253.0,219.0,226.0,206.0,193.0,180.0,168.0,156.0,141.0,125.0,118.0,138.0,157.0,166.0,177.0,184.0,192.0,198.0,195.0,196.0
218.0,262.0,286.0,277.0,248.0,225.0,226.0,229.0,233.0,250.0,265.0,279.0,282.0,291.0,296.0,302.0,311.0,329.0,357.0,377.0
384.0,401.0,429.0,448.0,447.0,430.0,394.0,362.0,292.0,244.0,233.0,229.0,226.0,221.0,222.0,245.0,283.0,314.0,326.0,337.0
369.0,390.0,406.0,405.0,348.0,274.0,207.0,172.0,147.0,111.0,81.0,67.0,55.0,45.0,47.0,55.0,57.0,54.0,53.0,53.0
56.0,62.0,61.0,60.0,78.0,127.0,145.0,141.0,152.0,172.0,178.0,180.0,189.0,191.0,182.0,183.0,178.0,171.0,192.0,197.0
205.0,193.0,199.0,207.0,214.0,219.0,205.0,179.0,152.0,133.0,120.0,108.0,99.0,97.0,89.0,78.0,85.0,101.0,117.0,119.0
122.0,124.0,114.0,107.0,104.0,104.0,104.0,109.0,112.0,111.0,113.0,125.0,158.0,176.0,186.0,204.0,249.0,301.0,359.0,334.0
303.0,289.0,265.0,235.0,210.0,193.0,165.0,144.0,167.0,199.0,215.0,228.0,215.0,201.0,208.0,191.0,157.0,134.0,57.0,53.0
55.0,60.0,65.0,71.0,80.0,90.0,99.0,106.0,106.0,112.0,124.0,134.0,136.0,140.0,152.0,162.0,158.0,166.0,187.0,183.0
177.0,198.0,209.0,204.0,206.0,207.0,208.0,213.0,215.0,232.0,245.0,250.0,237.0,256.0,298.0,317.0,310.0,293.0,268.0,236.0
205.0,187.0,173.0,159.0,139.0,125.0,106.0,93.0,112.0,155.0,197.0,212.0,185.0,163.0,149.0,136.0,124.0,110.0,108.0,116.0
134.0,139.0,132.0,146.0,164.0,165.0,161.0,179.0,213.0,250.0,274.0,279.0,280.0,293.0,316.0,325.0,316.0,308.0,301.0,297.0
297.0,290.0,281.0,272.0,261.0,252.0,249.0,252.0,263.0,286.0,321.0,298.0,277.0,259.0,253.0,261.0,266.0,272.0,276.0,266.0
258.0,252.0,248.0,259.0,272.0,285.0,290.0,289.0,288.0,289.0,298.0,302.0,289.0,285.0,288.0,285.0,280.0,274.0,269.0,268.0
269.0,281.0,227.0,181.0,146.0,123.0,99.0,82.0,75.0,81.0,111.0,150.0,171.0,173.0,162.0,133.0,110.0,90.0,74.0,68.0
69.0,76.0,85.0,89.0,93.0,102.0,128.0,153.0,169.0,196.0,213.0,213.0,210.0,196.0,188.0,188.0,220.0,268.0,306.0,317.0
314.0,308.0,289.0,270.0,261.0,254.0,236.0,215.0,202.0,194.0,187.0,168.0,155.0,167.0,204.0,220.0,189.0,163.0,140.0,103.0
74.0,67.0,69.0,74.0,83.0,89.0,82.0,80.0,82.0,83.0,95.0,99.0,101.0,107.0,109.0,111.0,111.0,112.0,117.0,128.0
137.0,139.0,146.0,149.0,150.0,154.0,156.0,155.0,156.0,162.0,170.0,185.0,216.0,225.0,215.0,232.0,271.0,308.0,351.0,374.0
379.0,375.0,362.0,341.0,332.0,322.0,291.0,243.0,186.0,137.0,138.0,168.0,184.0,180.0,172.0,176.0,189.0,188.0,175.0,163.0
161.0,167.0,164.0,156.0,152.0,157.0,162.0,166.0,196.0,248.0,295.0,318.0,301.0,275.0,253.0,230.0,203.0,199.0,183.0,153.0
146.0,178.0,208.0,201.0,188.0,204.0,232.0,259.0,283.0,306.0,295.0,280.0,270.0,286.0,303.0,284.0,264.0,258.0,246.0,238.0
240.0,240.0,236.0,234.0,249.0,269.0,278.0,276.0,273.0,266.0,262.0,255.0,254.0,259.0,264.0,271.0,270.0,265.0,257.0,249.0
242.0,229.0,220.0,216.0,201.0,179.0,175.0,190.0,192.0,179.0,169.0,163.0,156.0,154.0,150.0,142.0,145.0,148.0,151.0,164.0
180.0,198.0,211.0,215.0,219.0,221.0,218.0,233.0,271.0,303.0,323.0,319.0,299.0,282.0,276.0,277.0,266.0,238.0,221.0,202.0
176.0,153.0,126.0,113.0,121.0,127.0,124.0,119.0,116.0,119.0,122.0,130.0,159.0,199.0,242.0,238.0,219.0,224.0,246.0,258.0
259.0,260.0,255.0,248.0,247.0,244.0,241.0,242.0,229.0,223.0,233.0,278.0,312.0,313.0,304.0,208.0,177.0,177.0,182.0,186.0
191.0,200.0,212.0,215.0,215.0,218.0,212.0,211.0,225.0,230.0,224.0,223.0,225.0,225.0,229.0,231.0,222.0,217.0,215.0,218.0
218.0,213.0,208.0,212.0,218.0,216.0,216.0,210.0,194.0,196.0,188.0,151.0,139.0,144.0,156.0,170.0,175.0,178.0,179.0,181.0
176.0,178.0,202.0,239.0,269.0,300.0,330.0,347.0,362.0,376.0,375.0,374.0,387.0,400.0,387.0,362.0,340.0,331.0,324.0,305.0
283.0,272.0,256.0,222.0,195.0,187.0,173.0,172.0,178.0,198.0,229.0,264.0,309.0,362.0,335.0,274.0,224.0,195.0,190.0,194.0
200.0,206.0,211.0,213.0,214.0,222.0,237.0,239.0,236.0,238.0,252.0,268.0,270.0,266.0,263.0,260.0,270.0,272.0,263.0,271.0
278.0,274.0,264.0,259.0,265.0,257.0,256.0,257.0,251.0,248.0,243.0,255.0,259.0,271.0,251.0,246.0,253.0,253.0,261.0,274.0
272.0,250.0,237.0,237.0,229.0,227.0,220.0,212.0,189.0,160.0,162.0,197.0,240.0,270.0,279.0,276.0,282.0,276.0,252.0,226.0
202.0,203.0,201.0,200.0,203.0,195.0,179.0,172.0,168.0,160.0,156.0,153.0,146.0,144.0,147.0,155.0,156.0,134.0,131.0,171.0
221.0,262.0,278.0,275.0,257.0,217.0,191.0,213.0,243.0,258.0,264.0,148.0,142.0,135.0,128.0,127.0,124.0,116.0,116.0,117.0
111.0,105.0,106.0,109.0,112.0,116.0,124.0,135.0,146.0,150.0,147.0,154.0,166.0,174.0,180.0,180.0,182.0,185.0,184.0,186.0
191.0,190.0,207.0,223.0,232.0,229.0,223.0,257.0,297.0,324.0,341.0,338.0,323.0,297.0,270.0,253.0,236.0,211.0,189.0,168.0
139.0,106.0,100.0,125.0,150.0,153.0,130.0,103.0,96.0,97.0,116.0,133.0,146.0,168.0,197.0,234.0,270.0,275.0,259.0,250.0
241.0,233.0,228.0,224.0,214.0,202.0,116.0,114.0,117.0,124.0,133.0,142.0,146.0,148.0,151.0,153.0,153.0,151.0,151.0,151.0
149.0,146.0,145.0,144.0,140.0,137.0,137.0,135.0,136.0,137.0,139.0,144.0,154.0,163.0,170.0,177.0,177.0,176.0,172.0,167.0
159.0,151.0,144.0,137.0,131.0,126.0,123.0,120.0,115.0,109.0,105.0,102.0,99.0,95.0,92.0,93.0,95.0,99.0,102.0,112.0
123.0,136.0,148.0,153.0,143.0,133.0,122.0,118.0,123.0,128.0,128.0,123.0,126.0,138.0,149.0,156.0,160.0,162.0,163.0,164.0
163.0,161.0,162.0,163.0,162.0,166.0,169.0,168.0,156.0,151.0,161.0,172.0,181.0,185.0,186.0,186.0,187.0,185.0,183.0,185.0
189.0,191.0,194.0,188.0,184.0,183.0,185.0,189.0,191.0,192.0,192.0,191.0,188.0,184.0,181.0,178.0,175.0,172.0,168.0,162.0
158.0,156.0,154.0,153.0,151.0,152.0,152.0,152.0,146.0,142.0,139.0,139.0,140.0,138.0,132.0,129.0,121.0,118.0,124.0,133.0
138.0,151.0,162.0,170.0,178.0,183.0,195.0,200.0,191.0,187.0,187.0,186.0,186.0,184.0,184.0,185.0,183.0,174.0,169.0,168.0
167.0,175.0,182.0,185.0,193.0,201.0,208.0,216.0,223.0,221.0,221.0,218.0,216.0,221.0,218.0,219.0,223.0,222.0,211.0,198.0
190.0,187.0,185.0,173.0,167.0,171.0,170.0,161.0,160.0,171.0,176.0,176.0,174.0,160.0,133.0,117.0,115.0,118.0,124.0,136.0
151.0,170.0,181.0,179.0,175.0,166.0,162.0,158.0,160.0,167.0,165.0,157.0,155.0,154.0,150.0,145.0,139.0,135.0,126.0,128.0
132.0,142.0,147.0,146.0,145.0,145.0,146.0,145.0,146.0,151.0,156.0,157.0,156.0,154.0,155.0,155.0,151.0,140.0,193.0,189.0
194.0,221.0,235.0,243.0,256.0,265.0,269.0,269.0,281.0,287.0,293.0,299.0,296.0,295.0,296.0,299.0,301.0,304.0,293.0,268.0
226.0,224.0,227.0,230.0,230.0,226.0,229.0,230.0,227.0,219.0,209.0,200.0,193.0,197.0,201.0,201.0,195.0,190.0,183.0,175.0
165.0,158.0,146.0,130.0,113.0,102.0,94.0,87.0,79.0,64.0,54.0,43.0,40.0,42.0,42.0,41.0,40.0,40.0,43.0,45.0
48.0,51.0,51.0,43.0,42.0,51.0,62.0,70.0,77.0,86.0,97.0,108.0,117.0,122.0,126.0,118.0,100.0,85.0,82.0,95.0
112.0,130.0,152.0,170.0,182.0,188.0,190.0,187.0,177.0,170.0,165.0,167.0,170.0,172.0,175.0,179.0,183.0,184.0,189.0,182.0
178.0,175.0,167.0,154.0,149.0,155.0,158.0,166.0,163.0,145.0,132.0,146.0,140.0,146.0,157.0,176.0,182.0,169.0,159.0,146.0
135.0,126.0,117.0,110.0,102.0,101.0,102.0,105.0,114.0,124.0,123.0,116.0,119.0,111.0,119.0,130.0,137.0,133.0,122.0,119.0
113.0,104.0,103.0,107.0,106.0,102.0,99.0,102.0,99.0,91.0,81.0,75.0,72.0,70.0,66.0,61.0,56.0,49.0,49.0,48.0
46.0,49.0,50.0,50.0,51.0,54.0,62.0,69.0,79.0,87.0,95.0,95.0,95.0,99.0,101.0,96.0,95.0,118.0,126.0,120.0
119.0,114.0,116.0,119.0,120.0,130.0,136.0,147.0,157.0,166.0,176.0,172.0,164.0,162.0,165.0,169.0,162.0,151.0,153.0,156.0
163.0,164.0,169.0,173.0,173.0,176.0,177.0,178.0,181.0,181.0,187.0,191.0,184.0,179.0,182.0,180.0,177.0,177.0,176.0,175.0
171.0,169.0,165.0,163.0,157.0,137.0,116.0,106.0,97.0,86.0,76.0,68.0,58.0,52.0,62.0,76.0,82.0,82.0,83.0,94.0
105.0,104.0,102.0,95.0,88.0,85.0,82.0,82.0,80.0,84.0,87.0,87.0,99.0,96.0,94.0,86.0,74.0,74.0,82.0,77.0
65.0,70.0,77.0,71.0,76.0,66.0,63.0,64.0,69.0,74.0,67.0,69.0,83.0,97.0,111.0,124.0,122.0,134.0,147.0,116.0
118.0,116.0,115.0,121.0,124.0,122.0,119.0,114.0,108.0,99.0,98.0,97.0,96.0,92.0,87.0,85.0,86.0,84.0,96.0,104.0
86.0,75.0,56.0,42.0,40.0,41.0,42.0,42.0,43.0,49.0,79.0,104.0,120.0,117.0,100.0,80.0,65.0,57.0,55.0,54.0
53.0,52.0,61.0,88.0,110.0,120.0,124.0,124.0,122.0,119.0,109.0,94.0,90.0,94.0,102.0,106.0,106.0,104.0,102.0,103.0
115.0,130.0,139.0,143.0,146.0,147.0,143.0,122.0,118.0,128.0,128.0,119.0,114.0,111.0,118.0,135.0,149.0,159.0,164.0,166.0
165.0,149.0,107.0,98.0,114.0,124.0,122.0,124.0,139.0,154.0,164.0,169.0,170.0,175.0,183.0,188.0,176.0,156.0,139.0,128.0
134.0,159.0,178.0,184.0,190.0,173.0,147.0,129.0,119.0,114.0,113.0,116.0,124.0,123.0,116.0,117.0,109.0,105.0,102.0,96.0
91.0,96.0,102.0,108.0,102.0,97.0,95.0,89.0,90.0,95.0,98.0,93.0,92.0,94.0,94.0,93.0,90.0,83.0,87.0,94.0
98.0,99.0,102.0,106.0,108.0,110.0,110.0,112.0,124.0,115.0,113.0,123.0,129.0,138.0,141.0,141.0,136.0,112.0,74.0,56.0
69.0,99.0,105.0,103.0,98.0,93.0,95.0,79.0,62.0,54.0,74.0,106.0,120.0,119.0,113.0,104.0,93.0,89.0,96.0,100.0
95.0,93.0,98.0,103.0,104.0,92.0,77.0,69.0,68.0,69.0,73.0,79.0,79.0,84.0,86.0,95.0,105.0,109.0,109.0,101.0
91.0,85.0,87.0,99.0,107.0,113.0,121.0,104.0,94.0,104.0,109.0,112.0,115.0,109.0,100.0,103.0,104.0,99.0,92.0,94.0
101.0,103.0,101.0,100.0,95.0,98.0,101.0,96.0,94.0,84.0,87.0,83.0,78.0,86.0,101.0,109.0,106.0,102.0,100.0,105.0
99.0,92.0,89.0,81.0,76.0,75.0,77.0,82.0,85.0,82.0,83.0,87.0,74.0,69.0,74.0,78.0,108.0,103.0,106.0,109.0
110.0,101.0,106.0,119.0,129.0,131.0,137.0,139.0,141.0,144.0,128.0,116.0,110.0,106.0,101.0,85.0,61.0,47.0,41.0,42.0
45.0,56.0,66.0,75.0,91.0,103.0,114.0,120.0,129.0,128.0,121.0,100.0,114.0,129.0,140.0,140.0,124.0,115.0,111.0,110.0
112.0,114.0,116.0,116.0,121.0,128.0,142.0,142.0,143.0,171.0,196.0,183.0,182.0,166.0,144.0,134.0,132.0,122.0,101.0,84.0
81.0,121.0,170.0,209.0,238.0,251.0,258.0,251.0,246.0,247.0,248.0,248.0,253.0,258.0,266.0,271.0,265.0,246.0,236.0,166.0
123.0,112.0,150.0,193.0,231.0,254.0,264.0,267.0,266.0,257.0,246.0,247.0,232.0,230.0,245.0,265.0,282.0,284.0,287.0,289.0
281.0,263.0,267.0,275.0,278.0,280.0,264.0,236.0,224.0,227.0,233.0,235.0,235.0,237.0,267.0,291.0,308.0,312.0,289.0,183.0
182.0,206.0,211.0,207.0,200.0,193.0,190.0,218.0,248.0,257.0,255.0,245.0,192.0,141.0,131.0,143.0,173.0,190.0,207.0,166.0
155.0,143.0,130.0,121.0,117.0,113.0,110.0,106.0,107.0,111.0,114.0,111.0,101.0,95.0,94.0,92.0,92.0,91.0,93.0,95.0
104.0,114.0,123.0,135.0,133.0,131.0,131.0,123.0,140.0,147.0,142.0,134.0,134.0,134.0,124.0,108.0,83.0,84.0,95.0,99.0
83.0,59.0,53.0,57.0,54.0,59.0,85.0,92.0,83.0,80.0,79.0,72.0,80.0,98.0,100.0,91.0,73.0,88.0,109.0,123.0
129.0,125.0,125.0,122.0,111.0,113.0,115.0,117.0,114.0,108.0,88.0,79.0,81.0,93.0,100.0,104.0,95.0,72.0,72.0,93.0
125.0,133.0,134.0,129.0,124.0,124.0,131.0,140.0,152.0,147.0,138.0,135.0,134.0,125.0,118.0,121.0,131.0,138.0,132.0,122.0
115.0,98.0,99.0,101.0,87.0,74.0,69.0,67.0,76.0,97.0,114.0,115.0,111.0,109.0,108.0,107.0,100.0,102.0,104.0,94.0
84.0,81.0,85.0,90.0,92.0,92.0,85.0,81.0,77.0,87.0,108.0,118.0,191.0,187.0,179.0,167.0,148.0,138.0,128.0,114.0
98.0,90.0,87.0,85.0,89.0,83.0,79.0,82.0,111.0,120.0,149.0,166.0,139.0,163.0,187.0,201.0,203.0,197.0,188.0,173.0
159.0,158.0,169.0,179.0,187.0,191.0,199.0,199.0,194.0,189.0,169.0,114.0,134.0,140.0,111.0,108.0,149.0,173.0,169.0,182.0
190.0,197.0,203.0,217.0,212.0,196.0,203.0,214.0,234.0,259.0,269.0,293.0,311.0,318.0,316.0,318.0,319.0,321.0,325.0,327.0
328.0,335.0,317.0,287.0,265.0,251.0,236.0,186.0,172.0,179.0,195.0,208.0,234.0,277.0,312.0,332.0,342.0,348.0,349.0,349.0
347.0,346.0,346.0,334.0,356.0,370.0,376.0,378.0,377.0,365.0,238.0,149.0,101.0,83.0,79.0,169.0,253.0,303.0,330.0,341.0
353.0,375.0,389.0,395.0,381.0,363.0,371.0,381.0,396.0,380.0,379.0,396.0,215.0,218.0,216.0,206.0,191.0,183.0,173.0,148.0
138.0,132.0,128.0,125.0,123.0,123.0,127.0,133.0,138.0,141.0,149.0,175.0,185.0,181.0,185.0,187.0,187.0,185.0,181.0,171.0
158.0,148.0,142.0,140.0,143.0,143.0,150.0,131.0,127.0,131.0,126.0,143.0,139.0,130.0,127.0,126.0,121.0,126.0,115.0,102.0
100.0,109.0,120.0,125.0,139.0,154.0,166.0,172.0,185.0,200.0,207.0,207.0,213.0,225.0,227.0,217.0,201.0,194.0,201.0,200.0
192.0,196.0,197.0,195.0,195.0,194.0,184.0,161.0,144.0,141.0,144.0,139.0,133.0,137.0,141.0,136.0,127.0,129.0,122.0,113.0
102.0,108.0,120.0,118.0,113.0,115.0,112.0,107.0,106.0,107.0,101.0,98.0,100.0,93.0,87.0,87.0,94.0,94.0,95.0,95.0
93.0,89.0,87.0,78.0,72.0,73.0,74.0,78.0,80.0,81.0,82.0,76.0,68.0,65.0,59.0,56.0,58.0,62.0,60.0,57.0
58.0,61.0,65.0,67.0,67.0,74.0,79.0,85.0,97.0,107.0,113.0,119.0,125.0,128.0,130.0,135.0,135.0,142.0,147.0,141.0
131.0,128.0,122.0,113.0,103.0,100.0,104.0,108.0,109.0,106.0,105.0,106.0,103.0,91.0,85.0,71.0,61.0,77.0,97.0,187.0
188.0,192.0,209.0,230.0,230.0,236.0,232.0,215.0,212.0,226.0,262.0,278.0,287.0,293.0,300.0,306.0,285.0,244.0,233.0,249.0
258.0,259.0,257.0,245.0,236.0,219.0,235.0,177.0,166.0,152.0,137.0,135.0,139.0,145.0,158.0,169.0,180.0,189.0,195.0,202.0
202.0,201.0,201.0,196.0,183.0,173.0,164.0,159.0,155.0,150.0,147.0,148.0,143.0,154.0,167.0,165.0,162.0,160.0,163.0,158.0
143.0,139.0,146.0,150.0,158.0,160.0,156.0,151.0,147.0,146.0,146.0,147.0,151.0,160.0,176.0,190.0,196.0,200.0,203.0,206.0
206.0,199.0,200.0,183.0,174.0,173.0,175.0,192.0,203.0,203.0,200.0,198.0,192.0,189.0,187.0,187.0,187.0,187.0,190.0,190.0
194.0,212.0,218.0,206.0,190.0,175.0,166.0,161.0,168.0,188.0,207.0,224.0,231.0,219.0,206.0,200.0,197.0,195.0,189.0,182.0
178.0,166.0,166.0,94.0,87.0,80.0,73.0,66.0,64.0,61.0,57.0,55.0,51.0,48.0,52.0,56.0,65.0,65.0,68.0,70.0
73.0,75.0,78.0,77.0,74.0,70.0,66.0,66.0,70.0,68.0,65.0,63.0,59.0,60.0,61.0,61.0,65.0,65.0,65.0,68.0
65.0,64.0,64.0,65.0,66.0,67.0,65.0,64.0,63.0,63.0,64.0,64.0,64.0,64.0,63.0,71.0,72.0,70.0,70.0,69.0
69.0,74.0,77.0,80.0,85.0,89.0,87.0,84.0,82.0,81.0,80.0,79.0,85.0,89.0,82.0,79.0,77.0,77.0,77.0,77.0
83.0,86.0,86.0,86.0,87.0,92.0,92.0,89.0,88.0,90.0,91.0,90.0,90.0,91.0,96.0,95.0,89.0,81.0,79.0,77.0
76.0,76.0,76.0,81.0,78.0,80.0,86.0,85.0,89.0,96.0,102.0,102.0,100.0,97.0,93.0,90.0,89.0,93.0,103.0,108.0
123.0,131.0,135.0,138.0,142.0,144.0,144.0,144.0,144.0,141.0,136.0,128.0,125.0,129.0,144.0,166.0,178.0,185.0,192.0,199.0
205.0,203.0,201.0,201.0,204.0,213.0,226.0,232.0,234.0,228.0,220.0,216.0,210.0,205.0,200.0,195.0,187.0,180.0,171.0,155.0
149.0,143.0,126.0,115.0,108.0,106.0,102.0,97.0,96.0,95.0,90.0,88.0,86.0,81.0,77.0,70.0,68.0,67.0,68.0,67.0
66.0,66.0,64.0,61.0,62.0,62.0,63.0,71.0,81.0,89.0,101.0,110.0,123.0,128.0,129.0,133.0,140.0,146.0,151.0,154.0
160.0,157.0,161.0,160.0,158.0,159.0,156.0,158.0,159.0,164.0,167.0,171.0,173.0,174.0,174.0,170.0,164.0,168.0,167.0,158.0
165.0,170.0,172.0,173.0,178.0,179.0,176.0,178.0,179.0,180.0,183.0,187.0,185.0,177.0,167.0,157.0,151.0,150.0,154.0,161.0
170.0,177.0,182.0,191.0,202.0,206.0,210.0,214.0,218.0,228.0,239.0,240.0,239.0,243.0,240.0,234.0,231.0,236.0,238.0,240.0
243.0,246.0,249.0,255.0,257.0,255.0,255.0,256.0,252.0,253.0,257.0,258.0,260.0,264.0,267.0,264.0,258.0,255.0,248.0,243.0
237.0,238.0,247.0,257.0,265.0,268.0,270.0,269.0,267.0,264.0,258.0,250.0,233.0,224.0,220.0,223.0,228.0,228.0,233.0,241.0
228.0,227.0,230.0,232.0,235.0,235.0,232.0,226.0,222.0,215.0,204.0,196.0,197.0,202.0,202.0,197.0,190.0,187.0,179.0,172.0
168.0,165.0,162.0,161.0,162.0,161.0,159.0,158.0,156.0,151.0,153.0,152.0,153.0,158.0,161.0,171.0,170.0,168.0,169.0,169.0
172.0,171.0,169.0,167.0,166.0,165.0,163.0,162.0,161.0,160.0,161.0,168.0,167.0,165.0,164.0,163.0,167.0,166.0,163.0,168.0
165.0,157.0,154.0,151.0,149.0,151.0,155.0,159.0,161.0,163.0,164.0,165.0,171.0,175.0,173.0,172.0,173.0,171.0,170.0,170.0
170.0,169.0,169.0,169.0,170.0,168.0,167.0,166.0,167.0,166.0,159.0,159.0,160.0,153.0,149.0,151.0,154.0,155.0,152.0,148.0
149.0,152.0,155.0,159.0,165.0,164.0,170.0,175.0,182.0,189.0,193.0,190.0,185.0,179.0,174.0,163.0,157.0,150.0,138.0,128.0
123.0,122.0,133.0,136.0,148.0,159.0,165.0,165.0,166.0,170.0,172.0,171.0,166.0,155.0,143.0,133.0,129.0,127.0,125.0,121.0
113.0,102.0,92.0,83.0,76.0,71.0,63.0,65.0,70.0,76.0,86.0,93.0,95.0,92.0,90.0,92.0,94.0,96.0,96.0,96.0
97.0,95.0,88.0,80.0,76.0,73.0,70.0,69.0,63.0,63.0,68.0,73.0,84.0,95.0,105.0,111.0,114.0,116.0,118.0,120.0
125.0,125.0,127.0,133.0,138.0,144.0,139.0,134.0,141.0,146.0,147.0,149.0,149.0,147.0,150.0,156.0,160.0,161.0,159.0,157.0
158.0,161.0,164.0,167.0,171.0,180.0,185.0,192.0,196.0,194.0,192.0,196.0,194.0,190.0,181.0,176.0,172.0,167.0,163.0,155.0
145.0,134.0,123.0,116.0,112.0,111.0,112.0,113.0,111.0,109.0,107.0,109.0,110.0,112.0,119.0,122.0,125.0,130.0,133.0,136.0
146.0,157.0,169.0,175.0,179.0,203.0,207.0,212.0,214.0,212.0,208.0,202.0,197.0,193.0,187.0,186.0,190.0,196.0,201.0,206.0
207.0,207.0,208.0,210.0,217.0,222.0,218.0,223.0,225.0,218.0,215.0,215.0,216.0,219.0,215.0,213.0,209.0,199.0,201.0,198.0
203.0,202.0,201.0,195.0,199.0,198.0,193.0,188.0,187.0,183.0,173.0,176.0,179.0,177.0,182.0,186.0,182.0,176.0,171.0,164.0
155.0,148.0,141.0,133.0,127.0,113.0,116.0,113.0,101.0,91.0,82.0,74.0,67.0,59.0,52.0,47.0,43.0,40.0,41.0,41.0
40.0,45.0,47.0,50.0,46.0,56.0,57.0,52.0,57.0,62.0,66.0,88.0,96.0,110.0,116.0,117.0,112.0,105.0,109.0,117.0
119.0,118.0,116.0,116.0,122.0,130.0,140.0,152.0,154.0,160.0,172.0,178.0,186.0,181.0,166.0,151.0,159.0,171.0,171.0,170.0
175.0,178.0,170.0,134.0,144.0,153.0,156.0,159.0,145.0,124.0,128.0,138.0,152.0,156.0,160.0,152.0,144.0,137.0,130.0,121.0
116.0,112.0,116.0,129.0,139.0,137.0,143.0,142.0,141.0,151.0,148.0,147.0,157.0,160.0,161.0,161.0,164.0,176.0,195.0,203.0
205.0,204.0,216.0,223.0,224.0,221.0,205.0,192.0,187.0,182.0,181.0,172.0,158.0,138.0,126.0,132.0,131.0,134.0,150.0,154.0
150.0,132.0,116.0,111.0,107.0,106.0,98.0,87.0,81.0,79.0,76.0,77.0,76.0,72.0,69.0,65.0,57.0,57.0,60.0,59.0
59.0,58.0,58.0,62.0,63.0,57.0,51.0,49.0,58.0,55.0,52.0,60.0,67.0,65.0,59.0,57.0,54.0,50.0,49.0,51.0
68.0,90.0,100.0,122.0,140.0,131.0,134.0,138.0,145.0,150.0,154.0,156.0,163.0,167.0,172.0,181.0,180.0,184.0,182.0,187.0
183.0,173.0,175.0,183.0,191.0,195.0,192.0,188.0,190.0,206.0,233.0,244.0,240.0,244.0,248.0,249.0,254.0,261.0,267.0,260.0
256.0,254.0,262.0,270.0,273.0,275.0,267.0,249.0,236.0,225.0,220.0,213.0,207.0,184.0,165.0,168.0,160.0,152.0,140.0,124.0
108.0,95.0,97.0,105.0,96.0,86.0,85.0,86.0,88.0,90.0,91.0,88.0,83.0,79.0,73.0,72.0,71.0,70.0,67.0,52.0
50.0,51.0,53.0,55.0,55.0,58.0,60.0,66.0,65.0,65.0,66.0,64.0,63.0,66.0,69.0,70.0,70.0,71.0,73.0,74.0
76.0,74.0,55.0,53.0,58.0,61.0,66.0,68.0,68.0,62.0,63.0,62.0,60.0,67.0,83.0,90.0,97.0,98.0,98.0,98.0
97.0,97.0,97.0,97.0,97.0,93.0,89.0,101.0,112.0,96.0,89.0,76.0,62.0,72.0,73.0,75.0,73.0,74.0,92.0,113.0
119.0,126.0,130.0,133.0,135.0,139.0,147.0,150.0,135.0,105.0,91.0,104.0,124.0,128.0,120.0,120.0,123.0,154.0,108.0,100.0
110.0,138.0,170.0,179.0,167.0,163.0,155.0,158.0,164.0,168.0,167.0,162.0,157.0,151.0,145.0,138.0,135.0,130.0,120.0,108.0
99.0,94.0,93.0,88.0,83.0,74.0,69.0,70.0,67.0,61.0,59.0,56.0,53.0,48.0,49.0,55.0,62.0,67.0,73.0,73.0
68.0,65.0,57.0,66.0,69.0,71.0,69.0,68.0,67.0,65.0,59.0,57.0,56.0,65.0,73.0,74.0,67.0,60.0,58.0,67.0
72.0,85.0,101.0,119.0,133.0,138.0,130.0,120.0,119.0,121.0,123.0,126.0,137.0,146.0,133.0,122.0,141.0,162.0,172.0,179.0
183.0,200.0,219.0,233.0,230.0,219.0,233.0,237.0,202.0,157.0,158.0,181.0,202.0,201.0,189.0,193.0,196.0,182.0,184.0,193.0
197.0,197.0,198.0,198.0,197.0,199.0,200.0,194.0,185.0,181.0,167.0,162.0,168.0,169.0,176.0,175.0,181.0,170.0,146.0,160.0
165.0,178.0,166.0,149.0,150.0,169.0,201.0,223.0,230.0,231.0,225.0,219.0,218.0,217.0,211.0,205.0,200.0,194.0,181.0,206.0
188.0,161.0,146.0,132.0,139.0,167.0,169.0,171.0,186.0,194.0,195.0,193.0,191.0,192.0,191.0,191.0,196.0,199.0,202.0,228.0
213.0,198.0,194.0,196.0,202.0,211.0,209.0,206.0,208.0,191.0,178.0,185.0,188.0,191.0,193.0,191.0,186.0,180.0,174.0,159.0
150.0,135.0,125.0,145.0,170.0,161.0,159.0,168.0,178.0,168.0,152.0,141.0,132.0,123.0,118.0,106.0,93.0,86.0,86.0,83.0
77.0,65.0,59.0,57.0,55.0,53.0,50.0,47.0,45.0,43.0,42.0,43.0,43.0,41.0,40.0,40.0,40.0,40.0,42.0,43.0
41.0,43.0,46.0,42.0,41.0,44.0,48.0,59.0,66.0,68.0,70.0,73.0,76.0,78.0,78.0,89.0,98.0,102.0,100.0,97.0
95.0,98.0,89.0,80.0,104.0,120.0,120.0,121.0,121.0,122.0,123.0,124.0,115.0,125.0,145.0,145.0,133.0,121.0,104.0,119.0
136.0,142.0,138.0,134.0,134.0,138.0,149.0,159.0,165.0,166.0,167.0,171.0,160.0,148.0,128.0,136.0,145.0,144.0,143.0,129.0
127.0,134.0,111.0,114.0,128.0,142.0,160.0,172.0,178.0,185.0,191.0,206.0,220.0,229.0,239.0,251.0,261.0,262.0,266.0,272.0
277.0,277.0,270.0,272.0,277.0,264.0,260.0,262.0,265.0,266.0,262.0,254.0,248.0,228.0,195.0,198.0,224.0,219.0,215.0,237.0
249.0,254.0,256.0,252.0,248.0,218.0,174.0,154.0,147.0,148.0,148.0,156.0,152.0,149.0,155.0,173.0,185.0,194.0,202.0,212.0
218.0,225.0,239.0,243.0,258.0,275.0,281.0,289.0,285.0,210.0,159.0,141.0,121.0,99.0,77.0,70.0,68.0,67.0,131.0,167.0
169.0,144.0,138.0,140.0,145.0,143.0,144.0,147.0,145.0,142.0,140.0,142.0,140.0,134.0,123.0,110.0,77.0,67.0,65.0,64.0
63.0,62.0,68.0,82.0,95.0,99.0,91.0,92.0,98.0,106.0,112.0,132.0,141.0,145.0,148.0,154.0,159.0,164.0,162.0,153.0
150.0,151.0,148.0,143.0,138.0,138.0,125.0,107.0,100.0,129.0,166.0,172.0,149.0,163.0,175.0,168.0,143.0,136.0,139.0,132.0
119.0,108.0,102.0,101.0,107.0,108.0,108.0,106.0,106.0,105.0,99.0,86.0,85.0,68.0,81.0,86.0,88.0,94.0,95.0,93.0
94.0,79.0,94.0,117.0,109.0,102.0,115.0,162.0,191.0,201.0,194.0,211.0,238.0,254.0,272.0,285.0,224.0,227.0,235.0,242.0
244.0,237.0,232.0,235.0,234.0,218.0,191.0,183.0,188.0,204.0,224.0,216.0,188.0,170.0,160.0,156.0,154.0,154.0,156.0,168.0
176.0,183.0,184.0,182.0,179.0,177.0,173.0,169.0,161.0,154.0,148.0,138.0,130.0,121.0,119.0,120.0,121.0,123.0,125.0,127.0
127.0,127.0,132.0,138.0,130.0,119.0,125.0,140.0,161.0,178.0,189.0,179.0,161.0,154.0,152.0,158.0,158.0,182.0,212.0,201.0
169.0,156.0,174.0,188.0,181.0,176.0,175.0,175.0,175.0,171.0,172.0,178.0,185.0,169.0,155.0,166.0,173.0,169.0,154.0,146.0
136.0,131.0,139.0,153.0,152.0,136.0,125.0,118.0,116.0,115.0,113.0,112.0,110.0,107.0,98.0,94.0,90.0,91.0,91.0,94.0
93.0,80.0,88.0,97.0,106.0,113.0,119.0,125.0,132.0,136.0,125.0,105.0,93.0,93.0,105.0,119.0,122.0,114.0,110.0,104.0
102.0,106.0,105.0,103.0,106.0,123.0,136.0,146.0,170.0,159.0,145.0,152.0,171.0,180.0,179.0,139.0,112.0,109.0,112.0,122.0
122.0,112.0,105.0,95.0,93.0,86.0,77.0,73.0,77.0,80.0,79.0,82.0,96.0,97.0,110.0,137.0,160.0,167.0,167.0,175.0
183.0,191.0,198.0,197.0,169.0,143.0,148.0,177.0,194.0,172.0,142.0,149.0,119.0,97.0,88.0,98.0,120.0,144.0,172.0,173.0
142.0,131.0,156.0,180.0,193.0,199.0,179.0,173.0,176.0,184.0,205.0,227.0,256.0,291.0,308.0,326.0,332.0,335.0,305.0,278.0
245.0,232.0,240.0,279.0,299.0,305.0,295.0,281.0,286.0,305.0,284.0,306.0,334.0,340.0,336.0,338.0,327.0,312.0,287.0,263.0
254.0,239.0,220.0,231.0,217.0,212.0,216.0,221.0,214.0,200.0,197.0,197.0,192.0,162.0,136.0,132.0,136.0,143.0,145.0,152.0
153.0,154.0,157.0,166.0,164.0,167.0,167.0,169.0,170.0,170.0,170.0,166.0,159.0,150.0,132.0,124.0,100.0,102.0,109.0,67.0
60.0,64.0,67.0,64.0,67.0,72.0,77.0,99.0,114.0,99.0,92.0,79.0,73.0,64.0,63.0,76.0,80.0,73.0,84.0,128.0
133.0,131.0,122.0,112.0,121.0,137.0,156.0,174.0,178.0,149.0,123.0,119.0,122.0,117.0,112.0,109.0,105.0,109.0,122.0,133.0
140.0,142.0,141.0,132.0,119.0,110.0,103.0,91.0,84.0,90.0,100.0,105.0,107.0,107.0,108.0,102.0,83.0,81.0,77.0,84.0
86.0,89.0,93.0,86.0,82.0,81.0,81.0,91.0,93.0,94.0,94.0,95.0,96.0,97.0,98.0,95.0,86.0,82.0,86.0,85.0
75.0,65.0,69.0,68.0,68.0,68.0,67.0,84.0,89.0,74.0,87.0,90.0,81.0,80.0,75.0,63.0,75.0,83.0,79.0,72.0
67.0,63.0,64.0,67.0,68.0,68.0,67.0,67.0,65.0,66.0,66.0,62.0,57.0,66.0,76.0,73.0,78.0,79.0,78.0,67.0
73.0,73.0,68.0,67.0,63.0,68.0,80.0,84.0,87.0,110.0,102.0,109.0,110.0,112.0,118.0,123.0,124.0,117.0,121.0,121.0
121.0,120.0,120.0,122.0,117.0,95.0,90.0,105.0,113.0,98.0,72.0,65.0,71.0,78.0,86.0,98.0,99.0,96.0,94.0,90.0
85.0,79.0,70.0,67.0,72.0,90.0,82.0,86.0,81.0,79.0,77.0,83.0,95.0,112.0,132.0,133.0,136.0,123.0,113.0,130.0
148.0,151.0,136.0,112.0,129.0,151.0,141.0,117.0,114.0,123.0,152.0,163.0,137.0,111.0,107.0,118.0,125.0,112.0,94.0,96.0
108.0,102.0,116.0,152.0,148.0,132.0,141.0,123.0,109.0,99.0,91.0,88.0,100.0,93.0,125.0,243.0,247.0,244.0,246.0,220.0
162.0,151.0,137.0,113.0,104.0,100.0,102.0,110.0,106.0,98.0,96.0,95.0,94.0,93.0,87.0,90.0,100.0,110.0,108.0,99.0
84.0,74.0,65.0,74.0,76.0,77.0,82.0,100.0,118.0,127.0,124.0,117.0,115.0,108.0,104.0,82.0,81.0,85.0,87.0,93.0
91.0,110.0,159.0,107.0,122.0,102.0,84.0,89.0,108.0,155.0,182.0,181.0,181.0,221.0,224.0,201.0,200.0,223.0,251.0,262.0
266.0,237.0,196.0,157.0,129.0,89.0,63.0,54.0,59.0,67.0,73.0,77.0,90.0,103.0,119.0,126.0,126.0,133.0,152.0,158.0
166.0,182.0,193.0,195.0,214.0,226.0,224.0,225.0,228.0,198.0,170.0,152.0,142.0,127.0,102.0,74.0,61.0,56.0,59.0,64.0
73.0,110.0,143.0,160.0,165.0,158.0,155.0,143.0,121.0,100.0,93.0,91.0,88.0,81.0,68.0,59.0,53.0,49.0,46.0,41.0
40.0,40.0,53.0,129.0,154.0,156.0,154.0,142.0,131.0,131.0,130.0,147.0,170.0,171.0,172.0,208.0,263.0,300.0,314.0,334.0
355.0,347.0,324.0,282.0,242.0,236.0,222.0,215.0,209.0,201.0,189.0,156.0,130.0,119.0,112.0,107.0,92.0,70.0,60.0,76.0
122.0,121.0,117.0,131.0,136.0,84.0,66.0,56.0,51.0,48.0,46.0,47.0,47.0,50.0,56.0,59.0,59.0,66.0,75.0,81.0
83.0,86.0,94.0,98.0,95.0,96.0,100.0,95.0,90.0,102.0,107.0,95.0,80.0,72.0,78.0,91.0,101.0,102.0,108.0,118.0
113.0,112.0,118.0,129.0,134.0,126.0,118.0,111.0,108.0,108.0,107.0,103.0,98.0,88.0,80.0,95.0,126.0,135.0,124.0,121.0
160.0,217.0,242.0,224.0,188.0,163.0,153.0,133.0,99.0,81.0,80.0,101.0,101.0,107.0,143.0,195.0,243.0,288.0,320.0,320.0
298.0,268.0,233.0,202.0,180.0,163.0,145.0,129.0,114.0,102.0,94.0,89.0,77.0,70.0,79.0,98.0,115.0,116.0,112.0,103.0
98.0,95.0,92.0,91.0,90.0,88.0,86.0,86.0,85.0,85.0,78.0,65.0,63.0,76.0,97.0,103.0,106.0,113.0,117.0,123.0
130.0,133.0,133.0,140.0,147.0,147.0,147.0,149.0,152.0,151.0,138.0,124.0,117.0,111.0,105.0,93.0,81.0,75.0,72.0,67.0
70.0,99.0,139.0,179.0,210.0,220.0,220.0,216.0,211.0,216.0,232.0,234.0,221.0,221.0,209.0,183.0,159.0,138.0,116.0,93.0
80.0,86.0,124.0,151.0,161.0,166.0,171.0,156.0,147.0,175.0,209.0,219.0,215.0,207.0,191.0,181.0,188.0,195.0,185.0,143.0
99.0,75.0,65.0,62.0,71.0,89.0,94.0,79.0,67.0,79.0,133.0,173.0,212.0,228.0,184.0,147.0,132.0,121.0,107.0,107.0
113.0,116.0,115.0,117.0,123.0,126.0,133.0,131.0,119.0,112.0,107.0,114.0,142.0,161.0,162.0,153.0,151.0,164.0,173.0,173.0
177.0,182.0,176.0,169.0,172.0,174.0,164.0,148.0,139.0,134.0,131.0,117.0,101.0,78.0,79.0,107.0,139.0,153.0,156.0,144.0
112.0,77.0,55.0,45.0,57.0,76.0,98.0,130.0,153.0,161.0,155.0,144.0,129.0,143.0,171.0,158.0,118.0,88.0,70.0,64.0
76.0,100.0,84.0,74.0,93.0,124.0,104.0,63.0,52.0,58.0,66.0,108.0,155.0,174.0,163.0,153.0,168.0,186.0,165.0,117.0
91.0,86.0,73.0,85.0,95.0,103.0,105.0,108.0,118.0,124.0,127.0,132.0,140.0,152.0,169.0,182.0,171.0,160.0,156.0,152.0
147.0,142.0,136.0,127.0,120.0,118.0,120.0,123.0,127.0,132.0,135.0,139.0,143.0,140.0,139.0,144.0,150.0,148.0,144.0,146.0
153.0,153.0,146.0,139.0,145.0,153.0,158.0,165.0,170.0,163.0,154.0,151.0,147.0,142.0,140.0,134.0,137.0,117.0,96.0,82.0
72.0,80.0,116.0,163.0,195.0,206.0,185.0,158.0,143.0,141.0,146.0,145.0,126.0,93.0,79.0,82.0,95.0,122.0,157.0,198.0
233.0,227.0,208.0,174.0,123.0,84.0,67.0,61.0,98.0,114.0,89.0,76.0,104.0,129.0,118.0,106.0,102.0,115.0,177.0,233.0
272.0,282.0,282.0,278.0,272.0,284.0,270.0,196.0,113.0,74.0,69.0,72.0,66.0,63.0,67.0,69.0,69.0,72.0,76.0,73.0
69.0,67.0,66.0,64.0,66.0,72.0,78.0,80.0,77.0,73.0,72.0,73.0,74.0,69.0,64.0,66.0,69.0,72.0,75.0,80.0
91.0,99.0,98.0,95.0,91.0,97.0,109.0,110.0,115.0,132.0,157.0,180.0,179.0,152.0,117.0,88.0,72.0,66.0,70.0,94.0
151.0,209.0,238.0,234.0,228.0,207.0,181.0,185.0,192.0,173.0,171.0,182.0,170.0,148.0,126.0,117.0,128.0,161.0,213.0,244.0
252.0,239.0,202.0,172.0,170.0,166.0,135.0,114.0,118.0,130.0,136.0,127.0,101.0,76.0,75.0,87.0,121.0,150.0,173.0,175.0
168.0,171.0,189.0,230.0,253.0,255.0,229.0,208.0,201.0,189.0,161.0,136.0,119.0,111.0,138.0,150.0,156.0,158.0,152.0,134.0
129.0,135.0,152.0,165.0,164.0,153.0,136.0,134.0,151.0,152.0,139.0,123.0,104.0,87.0,80.0,74.0,64.0,58.0,55.0,54.0
51.0,49.0,52.0,66.0,83.0,94.0,86.0,67.0,60.0,57.0,75.0,146.0,189.0,183.0,191.0,209.0,192.0,161.0,117.0,84.0
93.0,108.0,105.0,127.0,165.0,187.0,175.0,145.0,138.0,144.0,130.0,118.0,116.0,96.0,110.0,140.0,147.0,144.0,160.0,162.0
155.0,134.0,115.0,104.0,109.0,108.0,83.0,110.0,124.0,120.0,101.0,83.0,80.0,88.0,90.0,98.0,122.0,174.0,217.0,225.0
195.0,183.0,170.0,139.0,110.0,89.0,96.0,104.0,124.0,157.0,197.0,196.0,161.0,133.0,124.0,122.0,119.0,121.0,120.0,121.0
125.0,128.0,131.0,134.0,136.0,138.0,142.0,144.0,149.0,153.0,162.0,165.0,151.0,129.0,117.0,100.0,78.0,87.0,115.0,106.0
70.0,47.0,61.0,105.0,83.0,60.0,56.0,92.0,117.0,130.0,132.0,126.0,134.0,173.0,232.0,264.0,269.0,267.0,263.0,261.0
251.0,240.0,225.0,213.0,197.0,170.0,152.0,141.0,129.0,113.0,99.0,87.0,103.0,144.0,168.0,153.0,117.0,75.0,43.0,101.0
144.0,119.0,102.0,101.0,115.0,133.0,144.0,148.0,141.0,129.0,124.0,157.0,154.0,154.0,162.0,176.0,188.0,194.0,199.0,203.0
205.0,215.0,223.0,236.0,252.0,261.0,268.0,270.0,268.0,268.0,272.0,270.0,260.0,248.0,245.0,239.0,237.0,245.0,245.0,239.0
232.0,229.0,220.0,211.0,214.0,185.0,142.0,102.0,66.0,53.0,79.0,127.0,147.0,147.0,149.0,145.0,134.0,139.0,149.0,148.0
141.0,124.0,116.0,113.0,97.0,86.0,94.0,98.0,92.0,86.0,89.0,117.0,130.0,138.0,150.0,166.0,166.0,165.0,154.0,112.0
84.0,71.0,69.0,81.0,89.0,101.0,117.0,128.0,132.0,135.0,140.0,144.0,149.0,155.0,158.0,155.0,148.0,145.0,145.0,144.0
145.0,151.0,155.0,154.0,153.0,157.0,158.0,158.0,157.0,158.0,165.0,175.0,186.0,189.0,185.0,177.0,174.0,198.0,202.0,195.0
188.0,187.0,185.0,175.0,166.0,169.0,173.0,164.0,152.0,143.0,140.0,149.0,154.0,143.0,135.0,137.0,141.0,139.0,139.0,147.0
151.0,127.0,94.0,76.0,83.0,116.0,165.0,193.0,208.0,220.0,206.0,189.0,202.0,247.0,285.0,312.0,317.0,304.0,285.0,267.0
251.0,233.0,218.0,200.0,180.0,175.0,192.0,202.0,204.0,209.0,201.0,168.0,145.0,137.0,140.0,157.0,163.0,148.0,146.0,155.0
147.0,139.0,156.0,172.0,171.0,173.0,175.0,182.0,207.0,227.0,238.0,255.0,264.0,247.0,229.0,214.0,199.0,195.0,195.0,177.0
164.0,162.0,148.0,135.0,135.0,135.0,124.0,113.0,108.0,108.0,117.0,129.0,134.0,123.0,112.0,112.0,120.0,125.0,128.0,124.0
121.0,124.0,126.0,126.0,121.0,118.0,114.0,117.0,122.0,117.0,111.0,114.0,111.0,109.0,120.0,122.0,129.0,145.0,185.0,195.0
218.0,231.0,227.0,223.0,217.0,201.0,183.0,156.0,134.0,152.0,196.0,216.0,213.0,210.0,218.0,224.0,218.0,196.0,171.0,167.0
171.0,176.0,178.0,176.0,176.0,164.0,159.0,166.0,212.0,245.0,252.0,223.0,168.0,121.0,93.0,91.0,124.0,134.0,100.0,82.0
90.0,102.0,106.0,105.0,100.0,99.0,101.0,99.0,93.0,85.0,69.0,61.0,56.0,50.0,46.0,43.0,44.0,64.0,91.0,93.0
86.0,84.0,87.0,89.0,90.0,94.0,96.0,97.0,96.0,98.0,108.0,114.0,117.0,120.0,120.0,117.0,116.0,115.0,113.0,120.0
118.0,106.0,107.0,114.0,115.0,114.0,111.0,108.0,110.0,107.0,106.0,116.0,110.0,109.0,102.0,104.0,105.0,115.0,159.0,210.0
240.0,239.0,226.0,226.0,238.0,236.0,224.0,214.0,195.0,157.0,123.0,110.0,101.0,87.0,78.0,73.0,78.0,105.0,121.0,122.0
123.0,139.0,171.0,207.0,243.0,274.0,287.0,295.0,303.0,308.0,300.0,292.0,275.0,248.0,218.0,204.0,194.0,178.0,163.0,149.0
143.0,142.0,131.0,113.0,102.0,97.0,92.0,93.0,93.0,85.0,82.0,80.0,75.0,74.0,74.0,72.0,72.0,72.0,76.0,72.0
73.0,91.0,108.0,110.0,108.0,109.0,114.0,117.0,119.0,124.0,122.0,118.0,110.0,112.0,117.0,114.0,108.0,100.0,99.0,102.0
98.0,95.0,97.0,95.0,89.0,94.0,96.0,95.0,116.0,146.0,170.0,185.0,196.0,215.0,225.0,210.0,203.0,219.0,233.0,238.0
236.0,228.0,243.0,257.0,223.0,172.0,132.0,130.0,140.0,125.0,100.0,72.0,56.0,45.0,41.0,40.0,40.0,74.0,111.0,128.0
149.0,165.0,172.0,177.0,175.0,170.0,164.0,158.0,161.0,155.0,146.0,159.0,184.0,208.0,220.0,218.0,203.0,171.0,148.0,134.0
115.0,100.0,97.0,90.0,75.0,65.0,58.0,57.0,56.0,55.0,55.0,55.0,53.0,50.0,49.0,50.0,52.0,51.0,51.0,54.0
64.0,71.0,74.0,75.0,73.0,75.0,83.0,91.0,96.0,97.0,97.0,96.0,94.0,92.0,98.0,100.0,101.0,112.0,117.0,107.0
112.0,112.0,101.0,101.0,114.0,124.0,166.0,177.0,192.0,196.0,199.0,202.0,200.0,185.0,164.0,149.0,139.0,109.0,81.0,73.0
82.0,88.0,75.0,60.0,45.0,40.0,53.0,53.0,40.0,40.0,40.0,40.0,40.0,40.0,40.0,40.0,46.0,60.0,88.0,101.0
107.0,107.0,107.0,110.0,119.0,133.0,149.0,159.0,171.0,185.0,199.0,203.0,193.0,187.0,187.0,194.0,197.0,186.0,174.0,168.0
169.0,153.0,134.0,127.0,123.0,106.0,87.0,79.0,72.0,62.0,54.0,47.0,45.0,62.0,122.0,177.0,208.0,222.0,222.0,204.0
172.0,160.0,155.0,131.0,90.0,72.0,82.0,87.0,79.0,82.0,114.0,139.0,140.0,116.0,96.0,79.0,67.0,62.0,69.0,73.0
67.0,71.0,84.0,96.0,124.0,184.0,202.0,188.0,167.0,167.0,156.0,156.0,186.0,225.0,224.0,175.0,146.0,150.0,167.0,176.0
157.0,136.0,129.0,132.0,125.0,111.0,100.0,98.0,92.0,87.0,93.0,87.0,78.0,75.0,79.0,76.0,68.0,65.0,67.0,74.0
80.0,79.0,83.0,83.0,75.0,67.0,74.0,79.0,79.0,72.0,67.0,73.0,78.0,77.0,84.0,91.0,99.0,113.0,127.0,132.0
121.0,102.0,87.0,79.0,73.0,69.0,69.0,79.0,114.0,157.0,172.0,174.0,160.0,141.0,117.0,97.0,75.0,64.0,57.0,51.0
51.0,79.0,111.0,130.0,148.0,173.0,211.0,235.0,247.0,232.0,198.0,176.0,165.0,163.0,179.0,202.0,208.0,207.0,205.0,200.0
178.0,133.0,94.0,74.0,72.0,66.0,59.0,63.0,88.0,115.0,122.0,114.0,97.0,84.0,65.0,51.0,46.0,58.0,62.0,56.0
48.0,40.0,40.0,40.0,40.0,43.0,53.0,70.0,70.0,72.0,80.0,91.0,106.0,123.0,149.0,171.0,197.0,190.0,189.0,194.0
195.0,215.0,249.0,278.0,299.0,317.0,314.0,305.0,284.0,262.0,229.0,207.0,175.0,131.0,108.0,91.0,78.0,70.0,85.0,88.0
73.0,61.0,54.0,56.0,80.0,101.0,115.0,117.0,112.0,110.0,122.0,153.0,179.0,207.0,231.0,255.0,288.0,310.0,326.0,301.0
288.0,297.0,299.0,278.0,255.0,236.0,214.0,203.0,204.0,212.0,224.0,243.0,266.0,272.0,252.0,226.0,216.0,226.0,248.0,274.0
285.0,280.0,258.0,236.0,206.0,187.0,192.0,177.0,166.0,154.0,137.0,121.0,104.0,90.0,89.0,87.0,87.0,89.0,88.0,89.0
93.0,98.0,98.0,98.0,104.0,113.0,120.0,129.0,142.0,148.0,145.0,147.0,158.0,162.0,164.0,174.0,181.0,178.0,170.0,170.0
180.0,192.0,208.0,215.0,204.0,189.0,173.0,184.0,228.0,255.0,264.0,241.0,214.0,194.0,178.0,160.0,138.0,135.0,155.0,175.0
160.0,141.0,135.0,133.0,134.0,118.0,92.0,73.0,59.0,52.0,61.0,89.0,112.0,138.0,169.0,193.0,206.0,225.0,231.0,221.0
225.0,229.0,228.0,228.0,233.0,253.0,287.0,313.0,322.0,324.0,349.0,367.0,361.0,352.0,342.0,327.0,301.0,261.0,236.0,224.0
192.0,174.0,171.0,148.0,109.0,71.0,52.0,40.0,40.0,40.0,40.0,51.0,106.0,157.0,184.0,198.0,192.0,189.0,197.0,198.0
201.0,210.0,221.0,233.0,222.0,218.0,224.0,224.0,215.0,202.0,187.0,182.0,183.0,181.0,173.0,167.0,165.0,160.0,153.0,147.0
148.0,157.0,155.0,160.0,160.0,153.0,130.0,116.0,103.0,97.0,91.0,87.0,114.0,170.0,196.0,204.0,210.0,201.0,182.0,175.0
182.0,184.0,188.0,210.0,241.0,261.0,266.0,253.0,232.0,210.0,188.0,184.0,194.0,198.0,196.0,188.0,164.0,127.0,104.0,101.0
101.0,91.0,79.0,79.0,93.0,106.0,104.0,107.0,120.0,132.0,135.0,136.0,141.0,146.0,153.0,161.0,157.0,160.0,174.0,183.0
188.0,194.0,156.0,148.0,143.0,146.0,151.0,155.0,162.0,170.0,179.0,186.0,190.0,197.0,208.0,225.0,249.0,259.0,261.0,264.0
258.0,267.0,282.0,291.0,288.0,272.0,270.0,270.0,263.0,264.0,264.0,251.0,246.0,247.0,244.0,234.0,217.0,200.0,188.0,185.0
163.0,147.0,136.0,97.0,80.0,72.0,69.0,86.0,116.0,134.0,127.0,117.0,111.0,103.0,92.0,106.0,144.0,194.0,203.0,205.0
206.0,201.0,194.0,198.0,190.0,163.0,142.0,134.0,143.0,171.0,195.0,202.0,201.0,205.0,212.0,210.0,190.0,158.0,130.0,101.0
81.0,74.0,65.0,63.0,73.0,101.0,129.0,144.0,168.0,180.0,170.0,148.0,122.0,108.0,99.0,84.0,70.0,63.0,82.0,126.0
134.0,117.0,111.0,119.0,132.0,144.0,152.0,165.0,183.0,191.0,194.0,204.0,213.0,226.0,230.0,222.0,226.0,235.0,232.0,233.0
236.0,251.0,245.0,220.0,202.0,203.0,189.0,162.0,135.0,109.0,90.0,76.0,64.0,56.0,47.0,41.0,43.0,72.0,135.0,184.0
185.0,190.0,194.0,183.0,166.0,140.0,116.0,96.0,80.0,70.0,61.0,58.0,80.0,135.0,171.0,184.0,205.0,205.0,174.0,167.0
164.0,151.0,139.0,111.0,113.0,133.0,172.0,195.0,208.0,213.0,194.0,165.0,143.0,145.0,150.0,141.0,131.0,130.0,131.0,129.0
123.0,108.0,76.0,66.0,73.0,85.0,93.0,90.0,93.0,107.0,110.0,105.0,97.0,89.0,83.0,75.0,69.0,63.0,64.0,70.0
68.0,60.0,58.0,60.0,63.0,65.0,66.0,64.0,60.0,60.0,63.0,69.0,79.0,90.0,93.0,95.0,99.0,99.0,95.0,98.0
100.0,99.0,98.0,97.0,95.0,95.0,95.0,92.0,89.0,86.0,84.0,84.0,81.0,78.0,88.0,90.0,97.0,126.0,165.0,191.0
196.0,197.0,200.0,193.0,186.0,176.0,174.0,173.0,169.0,166.0,159.0,155.0,161.0,167.0,168.0,170.0,174.0,175.0,209.0,259.0
291.0,294.0,275.0,254.0,241.0,244.0,250.0,242.0,223.0,210.0,210.0,220.0,230.0,225.0,204.0,189.0,168.0,155.0,157.0,161.0
165.0,173.0,184.0,189.0,188.0,185.0,172.0,171.0,167.0,163.0,160.0,160.0,165.0,166.0,163.0,167.0,167.0,169.0,167.0,172.0
179.0,179.0,173.0,171.0,173.0,180.0,191.0,200.0,200.0,197.0,195.0,193.0,195.0,195.0,193.0,196.0,201.0,209.0,212.0,227.0
228.0,217.0,212.0,225.0,237.0,228.0,206.0,178.0,150.0,122.0,94.0,80.0,68.0,61.0,60.0,66.0,95.0,149.0,189.0,216.0
242.0,257.0,253.0,236.0,215.0,203.0,188.0,185.0,201.0,214.0,204.0,169.0,133.0,136.0,163.0,174.0,154.0,122.0,102.0,102.0
125.0,172.0,219.0,260.0,283.0,301.0,333.0,338.0,362.0,375.0,383.0,391.0,384.0,378.0,367.0,354.0,346.0,352.0,328.0,292.0
280.0,260.0,243.0,212.0,173.0,133.0,98.0,76.0,67.0,61.0,56.0,51.0,47.0,46.0,46.0,46.0,45.0,45.0,48.0,54.0
64.0,69.0,68.0,69.0,72.0,75.0,78.0,83.0,88.0,90.0,93.0,98.0,105.0,105.0,106.0,119.0,119.0,130.0,147.0,158.0
176.0,218.0,254.0,273.0,276.0,278.0,261.0,238.0,210.0,180.0,155.0,130.0,119.0,131.0,151.0,168.0,167.0,152.0,121.0,101.0
90.0,78.0,73.0,80.0,87.0,91.0,95.0,99.0,109.0,138.0,173.0,196.0,199.0,194.0,181.0,153.0,136.0,130.0,136.0,146.0
148.0,143.0,135.0,128.0,119.0,107.0,98.0,86.0,74.0,70.0,67.0,61.0,60.0,67.0,80.0,89.0,91.0,92.0,87.0,82.0
70.0,78.0,93.0,93.0,88.0,86.0,87.0,90.0,96.0,98.0,100.0,103.0,107.0,110.0,110.0,112.0,118.0,125.0,129.0,130.0
132.0,132.0,131.0,133.0,137.0,140.0,146.0,151.0,154.0,157.0,180.0,185.0,197.0,202.0,201.0,206.0,220.0,117.0,124.0,159.0
181.0,197.0,219.0,239.0,231.0,200.0,168.0,148.0,139.0,134.0,131.0,126.0,125.0,124.0,123.0,129.0,121.0,110.0,102.0,100.0
90.0,75.0,65.0,60.0,55.0,51.0,53.0,65.0,67.0,66.0,76.0,76.0,73.0,65.0,60.0,61.0,68.0,86.0,107.0,117.0
117.0,113.0,106.0,104.0,109.0,121.0,130.0,134.0,133.0,124.0,128.0,133.0,136.0,139.0,140.0,138.0,137.0,131.0,130.0,136.0
141.0,140.0,150.0,172.0,164.0,159.0,154.0,157.0,194.0,224.0,232.0,226.0,215.0,190.0,152.0,120.0,103.0,86.0,70.0,61.0
59.0,72.0,80.0,72.0,70.0,91.0,106.0,101.0,94.0,91.0,91.0,89.0,83.0,83.0,84.0,84.0,92.0,103.0,105.0,115.0
171.0,220.0,259.0,287.0,309.0,309.0,296.0,298.0,309.0,307.0,292.0,283.0,283.0,279.0,271.0,259.0,242.0,211.0,174.0,131.0
94.0,77.0,86.0,91.0,66.0,53.0,54.0,86.0,104.0,94.0,76.0,65.0,61.0,139.0,179.0,177.0,175.0,190.0,209.0,222.0
231.0,246.0,258.0,264.0,277.0,281.0,271.0,260.0,256.0,259.0,244.0,229.0,223.0,212.0,201.0,193.0,182.0,157.0,135.0,109.0
80.0,68.0,57.0,51.0,61.0,85.0,100.0,113.0,145.0,202.0,246.0,269.0,274.0,249.0,227.0,248.0,243.0,244.0,262.0,269.0
263.0,255.0,232.0,213.0,204.0,213.0,185.0,138.0,109.0,121.0,130.0,133.0,155.0,200.0,249.0,281.0,279.0,253.0,238.0,231.0
232.0,230.0,237.0,244.0,238.0,247.0,260.0,246.0,217.0,203.0,215.0,228.0,233.0,227.0,202.0,186.0,205.0,210.0,204.0,206.0
198.0,183.0,173.0,166.0,159.0,145.0,128.0,124.0,129.0,119.0,113.0,116.0,120.0,130.0,137.0,137.0,152.0,167.0,170.0,174.0
179.0,173.0,166.0,182.0,174.0,176.0,172.0,162.0,158.0,162.0,167.0,167.0,159.0,156.0,168.0,174.0,161.0,155.0,156.0,180.0
220.0,230.0,214.0,196.0,201.0,200.0,188.0,169.0,143.0,112.0,83.0,78.0,96.0,96.0,72.0,63.0,60.0,72.0,117.0,154.0
201.0,238.0,257.0,278.0,292.0,282.0,273.0,278.0,265.0,230.0,195.0,187.0,202.0,208.0,220.0,220.0,192.0,157.0,129.0,109.0
89.0,72.0,63.0,51.0,43.0,73.0,119.0,133.0,139.0,84.0,81.0,79.0,75.0,72.0,74.0,79.0,83.0,85.0,84.0,82.0
83.0,87.0,94.0,105.0,119.0,133.0,144.0,147.0,142.0,137.0,138.0,140.0,137.0,136.0,145.0,156.0,153.0,147.0,146.0,146.0
155.0,155.0,156.0,158.0,161.0,163.0,167.0,169.0,157.0,148.0,160.0,175.0,163.0,136.0,110.0,85.0,73.0,76.0,97.0,117.0
122.0,98.0,78.0,84.0,103.0,100.0,87.0,76.0,77.0,90.0,109.0,121.0,122.0,118.0,114.0,128.0,147.0,170.0,208.0,242.0
280.0,326.0,366.0,396.0,402.0,385.0,379.0,390.0,396.0,392.0,388.0,397.0,407.0,410.0,412.0,410.0,425.0,373.0,295.0,247.0
227.0,206.0,171.0,140.0,115.0,104.0,102.0,100.0,107.0,117.0,122.0,126.0,131.0,135.0,146.0,159.0,174.0,182.0,183.0,191.0
210.0,218.0,208.0,191.0,182.0,173.0,164.0,153.0,140.0,130.0,125.0,123.0,117.0,106.0,99.0,96.0,93.0,87.0,83.0,79.0
77.0,72.0,74.0,85.0,80.0,98.0,116.0,116.0,104.0,92.0,76.0,63.0,55.0,50.0,49.0,69.0,137.0,175.0,191.0,210.0
239.0,242.0,151.0,96.0,85.0,88.0,68.0,57.0,72.0,83.0,72.0,55.0,50.0,95.0,154.0,173.0,151.0,146.0,144.0,150.0
181.0,204.0,198.0,186.0,179.0,169.0,158.0,128.0,99.0,80.0,75.0,62.0,57.0,87.0,121.0,142.0,163.0,166.0,155.0,153.0
164.0,178.0,186.0,190.0,189.0,192.0,191.0,189.0,181.0,175.0,172.0,163.0,155.0,147.0,141.0,138.0,137.0,137.0,137.0,136.0
132.0,129.0,124.0,125.0,129.0,129.0,130.0,127.0,120.0,117.0,118.0,118.0,120.0,118.0,135.0,148.0,133.0,135.0,150.0,158.0
170.0,173.0,176.0,180.0,173.0,158.0,144.0,130.0,117.0,94.0,80.0,85.0,109.0,132.0,147.0,150.0,142.0,134.0,135.0,140.0
145.0,147.0,150.0,149.0,155.0,171.0,180.0,166.0,147.0,139.0,146.0,170.0,212.0,252.0,257.0,231.0,206.0,178.0,153.0,131.0
130.0,125.0,102.0,78.0,69.0,96.0,122.0,127.0,128.0,131.0,135.0,140.0,144.0,141.0,143.0,145.0,166.0,174.0,163.0,155.0
154.0,151.0,149.0,149.0,149.0,156.0,171.0,178.0,177.0,185.0,204.0,226.0,237.0,238.0,240.0,245.0,235.0,222.0,209.0,200.0
193.0,171.0,152.0,141.0,130.0,116.0,100.0,84.0,74.0,72.0,62.0,58.0,85.0,103.0,106.0,107.0,133.0,194.0,229.0,249.0
246.0,218.0,187.0,184.0,196.0,209.0,215.0,210.0,173.0,147.0,135.0,113.0,90.0,90.0,106.0,101.0,74.0,67.0,71.0,75.0
72.0,64.0,64.0,84.0,92.0,89.0,89.0,95.0,96.0,83.0,72.0,70.0,81.0,104.0,125.0,137.0,142.0,141.0,136.0,128.0
109.0,103.0,116.0,130.0,141.0,147.0,153.0,180.0,178.0,168.0,155.0,140.0,134.0,136.0,132.0,120.0,111.0,108.0,110.0,116.0
125.0,125.0,123.0,127.0,132.0,143.0,161.0,181.0,202.0,210.0,204.0,199.0,200.0,202.0,204.0,203.0,202.0,207.0,211.0,214.0
219.0,226.0,217.0,204.0,209.0,206.0,182.0,174.0,159.0,151.0,153.0,111.0,107.0,109.0,109.0,114.0,124.0,131.0,126.0,127.0
128.0,127.0,127.0,128.0,129.0,131.0,144.0,159.0,156.0,150.0,147.0,132.0,116.0,100.0,93.0,99.0,110.0,120.0,141.0,160.0
186.0,200.0,191.0,185.0,197.0,201.0,180.0,156.0,135.0,80.0,52.0,49.0,93.0,171.0,232.0,267.0,276.0,271.0,277.0,302.0
290.0,233.0,206.0,220.0,195.0,167.0,165.0,169.0,180.0,203.0,218.0,232.0,248.0,264.0,276.0,279.0,300.0,306.0,307.0,291.0
271.0,254.0,237.0,237.0,230.0,211.0,205.0,204.0,200.0,180.0,168.0,160.0,156.0,150.0,138.0,134.0,127.0,126.0,115.0,102.0
95.0,89.0,81.0,79.0,81.0,104.0,118.0,116.0,118.0,136.0,178.0,222.0,260.0,293.0,323.0,326.0,315.0,284.0,233.0,196.0
163.0,137.0,125.0,117.0,116.0,113.0,94.0,86.0,98.0,126.0,146.0,149.0,143.0,140.0,138.0,133.0,127.0,128.0,128.0,122.0
115.0,112.0,110.0,107.0,110.0,134.0,158.0,175.0,171.0,165.0,180.0,197.0,216.0,232.0,236.0,237.0,234.0,220.0,209.0,205.0
196.0,183.0,173.0,157.0,145.0,138.0,136.0,138.0,138.0,133.0,120.0,110.0,105.0,103.0,104.0,110.0,114.0,111.0,113.0,117.0
120.0,122.0,122.0,123.0,124.0,123.0,122.0,121.0,120.0,118.0,115.0,115.0,115.0,116.0,120.0,120.0,112.0,116.0,132.0,139.0
136.0,148.0,162.0,174.0,187.0,201.0,230.0,271.0,308.0,324.0,308.0,291.0,281.0,264.0,231.0,204.0,196.0,205.0,214.0,208.0
173.0,154.0,129.0,95.0,71.0,66.0,66.0,72.0,97.0,130.0,165.0,180.0,190.0,197.0,196.0,186.0,172.0,173.0,199.0,213.0
216.0,224.0,230.0,224.0,218.0,214.0,206.0,197.0,191.0,189.0,187.0,187.0,192.0,186.0,175.0,165.0,152.0,130.0,115.0,112.0
109.0,104.0,102.0,98.0,90.0,84.0,82.0,82.0,84.0,82.0,79.0,81.0,86.0,93.0,97.0,99.0,99.0,97.0,101.0,107.0
111.0,113.0,114.0,112.0,114.0,118.0,121.0,123.0,129.0,128.0,131.0,153.0,153.0,176.0,215.0,236.0,244.0,250.0,252.0,253.0
254.0,242.0,213.0,190.0,204.0,205.0,204.0,192.0,170.0,148.0,130.0,110.0,90.0,78.0,79.0,86.0,81.0,71.0,65.0,63.0
64.0,63.0,64.0,78.0,128.0,167.0,193.0,211.0,239.0,266.0,278.0,282.0,289.0,300.0,316.0,336.0,353.0,366.0,371.0,369.0
357.0,329.0,287.0,237.0,187.0,149.0,120.0,95.0,75.0,67.0,66.0,87.0,99.0,106.0,111.0,109.0,99.0,90.0,87.0,88.0
89.0,91.0,92.0,89.0,89.0,92.0,95.0,95.0,92.0,88.0,85.0,88.0,91.0,95.0,101.0,105.0,109.0,113.0,116.0,118.0
120.0,125.0,131.0,136.0,135.0,136.0,149.0,173.0,174.0,156.0,148.0,158.0,176.0,173.0,161.0,148.0,139.0,146.0,149.0,149.0
158.0,177.0,179.0,166.0,153.0,150.0,148.0,149.0,144.0,139.0,142.0,144.0,146.0,149.0,169.0,209.0,252.0,269.0,265.0,248.0
216.0,178.0,144.0,120.0,89.0,81.0,105.0,146.0,197.0,234.0,229.0,194.0,157.0,147.0,173.0,170.0,161.0,165.0,165.0,130.0
78.0,59.0,66.0,80.0,105.0,139.0,161.0,132.0,122.0,121.0,125.0,133.0,144.0,159.0,164.0,166.0,170.0,176.0,188.0,198.0
210.0,235.0,243.0,229.0,226.0,222.0,231.0,243.0,237.0,232.0,227.0,230.0,233.0,229.0,225.0,216.0,212.0,222.0,223.0,241.0
225.0,192.0,148.0,110.0,88.0,72.0,66.0,89.0,127.0,167.0,192.0,214.0,244.0,247.0,249.0,267.0,303.0,319.0,325.0,334.0
339.0,329.0,305.0,277.0,253.0,241.0,225.0,205.0,183.0,176.0,165.0,150.0,130.0,122.0,107.0,65.0,48.0,80.0,142.0,164.0
163.0,168.0,173.0,186.0,200.0,203.0,196.0,174.0,139.0,124.0,125.0,120.0,120.0,121.0,111.0,90.0,89.0,100.0,113.0,95.0
70.0,60.0,57.0,55.0,61.0,67.0,67.0,67.0,72.0,73.0,74.0,77.0,86.0,96.0,103.0,108.0,113.0,118.0,122.0,125.0
128.0,137.0,152.0,156.0,156.0,162.0,161.0,160.0,169.0,176.0,189.0,193.0,189.0,191.0,159.0,134.0,123.0,128.0,136.0,131.0
129.0,127.0,139.0,161.0,193.0,208.0,201.0,199.0,191.0,184.0,192.0,198.0,199.0,206.0,211.0,206.0,205.0,212.0,226.0,244.0
257.0,251.0,236.0,227.0,218.0,208.0,202.0,196.0,160.0,158.0,132.0,109.0,90.0,74.0,76.0,75.0,83.0,100.0,117.0,138.0
164.0,173.0,169.0,157.0,131.0,100.0,73.0,60.0,48.0,43.0,44.0,55.0,110.0,152.0,191.0,227.0,243.0,255.0,274.0,294.0
