0,1
53.0,Class 1
74.0,
90.0,
99.0,Class 5
95.0,
84.0,
78.0,
87.0,Class 1
104.0,
110.0,
106.0,
102.0,
103.0,
115.0,Class 5
133.0,
145.0,Class 1
145.0,Class 5
141.0,Class 1
140.0,Class 5
143.0,Class 1
144.0,
163.0,
170.0,
160.0,
153.0,Class 4
155.0,
156.0,
151.0,
139.0,Class 5
132.0,
129.0,
126.0,
124.0,
137.0,
139.0,
131.0,
119.0,Class 4
93.0,
77.0,
110.0,Class 5
165.0,
200.0,
196.0,
172.0,
135.0,
81.0,
62.0,
68.0,
82.0,Class 6
106.0,
154.0,
196.0,
225.0,
237.0,
218.0,Class 5
176.0,
115.0,Class 1
75.0,
63.0,
57.0,
57.0,
70.0,
119.0,Class 5
118.0,
83.0,
83.0,
116.0,
142.0,Class 4
158.0,
155.0,
141.0,
134.0,
147.0,Class 5
155.0,
145.0,
132.0,
126.0,
121.0,
108.0,
105.0,
126.0,Class 6
172.0,
216.0,
260.0,
285.0,
285.0,
267.0,
210.0,Class 5
143.0,Class 1
124.0,
119.0,
98.0,
78.0,Class 5
64.0,
50.0,
41.0,
45.0,Class 4
57.0,
77.0,
89.0,
98.0,
104.0,Class 5
105.0,
98.0,
83.0,
78.0,
110.0,
155.0,
147.0,
128.0,Class 6
159.0,
184.0,
187.0,
201.0,
207.0,
195.0,Class 5
174.0,
174.0,
179.0,
168.0,
155.0,
147.0,
141.0,
136.0,
133.0,
126.0,Class 4
112.0,
114.0,
112.0,
110.0,
110.0,
118.0,
131.0,
139.0,
171.0,Class 5
216.0,
255.0,
276.0,
292.0,
323.0,
356.0,Class 6
380.0,
398.0,
400.0,
391.0,
382.0,
349.0,
295.0,
249.0,Class 5
212.0,
160.0,Class 1
116.0,
99.0,Class 5
105.0,
107.0,
89.0,
86.0,
97.0,
99.0,
98.0,
104.0,
118.0,
119.0,
123.0,Class 4
133.0,
133.0,
127.0,
127.0,
127.0,
129.0,
148.0,
172.0,
199.0,
217.0,Class 5
222.0,
220.0,
232.0,
260.0,
297.0,
307.0,
316.0,Class 6
306.0,
298.0,
316.0,
305.0,
299.0,
267.0,
253.0,
229.0,Class 5
195.0,
156.0,Class 1
124.0,
104.0,
100.0,
93.0,
81.0,
68.0,
57.0,
50.0,
60.0,
59.0,
52.0,
51.0,
61.0,
74.0,
77.0,
70.0,
60.0,
58.0,
75.0,
78.0,
76.0,
75.0,
90.0,
100.0,
99.0,
95.0,
100.0,
106.0,
108.0,
108.0,
108.0,Class 4
111.0,
113.0,
110.0,
99.0,
124.0,Class 5
136.0,
155.0,
198.0,
210.0,
198.0,
199.0,
203.0,
203.0,Class 4
212.0,
232.0,
242.0,
229.0,
217.0,
204.0,
192.0,
187.0,Class 5
183.0,
176.0,
171.0,
172.0,
192.0,
223.0,Class 6
250.0,
274.0,
282.0,
294.0,
317.0,
312.0,
268.0,
208.0,Class 5
147.0,Class 1
95.0,
63.0,
53.0,
83.0,
126.0,
150.0,
133.0,
94.0,
72.0,
60.0,
57.0,
63.0,
67.0,
72.0,
89.0,
104.0,
118.0,
136.0,
149.0,
150.0,
152.0,
154.0,Class 5
128.0,
106.0,
110.0,
108.0,
98.0,Class 4
96.0,
105.0,
139.0,
150.0,Class 5
145.0,Class 4
146.0,
149.0,Class 5
159.0,
161.0,
160.0,Class 4
164.0,Class 5
161.0,
160.0,
166.0,
178.0,
183.0,
178.0,
183.0,
190.0,
171.0,
176.0,
175.0,
173.0,
180.0,
179.0,
170.0,
174.0,
177.0,
179.0,
178.0,
172.0,
168.0,
163.0,
159.0,Class 4
158.0,
167.0,
166.0,
160.0,Class 5
147.0,
142.0,
126.0,
87.0,
62.0,
59.0,
82.0,
88.0,Class 6
104.0,
153.0,
202.0,
217.0,
205.0,
200.0,
191.0,
171.0,
173.0,Class 5
187.0,
185.0,Class 1
169.0,Class 5
159.0,
151.0,
143.0,
136.0,
124.0,
115.0,
118.0,
121.0,
118.0,
119.0,
135.0,
157.0,
165.0,
154.0,
146.0,Class 5
138.0,
129.0,Class 4
125.0,
138.0,
169.0,
216.0,
251.0,
266.0,
272.0,
265.0,
239.0,
215.0,Class 5
183.0,
168.0,
210.0,
258.0,
289.0,
296.0,Class 6
288.0,
281.0,
279.0,
281.0,
298.0,
308.0,
280.0,
226.0,Class 5
185.0,
165.0,
148.0,Class 1
126.0,
110.0,
106.0,
107.0,
105.0,
100.0,
98.0,
97.0,
98.0,
103.0,
108.0,
107.0,
99.0,
94.0,
91.0,
97.0,
108.0,
113.0,
111.0,
110.0,
117.0,
124.0,
123.0,
120.0,
118.0,
118.0,
120.0,
120.0,
117.0,Class 4
122.0,
125.0,
121.0,
112.0,Class 5
111.0,
113.0,
115.0,
120.0,
120.0,
123.0,
134.0,
123.0,Class 6
131.0,
157.0,
202.0,
237.0,
248.0,
233.0,
204.0,Class 4
175.0,
163.0,
162.0,
143.0,
116.0,
108.0,
114.0,
126.0,
134.0,
144.0,
164.0,
191.0,
228.0,
266.0,
300.0,
312.0,
328.0,
341.0,
334.0,Class 6
312.0,
289.0,
267.0,
262.0,
276.0,
286.0,
258.0,
238.0,
225.0,Class 5
198.0,
170.0,
153.0,Class 1
140.0,
115.0,
93.0,
82.0,
74.0,
71.0,
77.0,
114.0,
132.0,
127.0,
119.0,
115.0,
110.0,Class 5
113.0,
120.0,
115.0,
112.0,Class 1
117.0,
116.0,
115.0,
120.0,
128.0,
128.0,
125.0,
133.0,
132.0,
126.0,
128.0,
136.0,
148.0,
161.0,
169.0,
169.0,
166.0,
160.0,
154.0,
160.0,Class 5
169.0,
173.0,
170.0,Class 1
165.0,
157.0,Class 5
148.0,
139.0,
132.0,
124.0,
114.0,Class 4
104.0,
93.0,Class 5
88.0,
81.0,
83.0,
94.0,
92.0,
92.0,
93.0,
86.0,
86.0,
99.0,Class 6
143.0,
175.0,
185.0,
185.0,
187.0,
184.0,
170.0,
152.0,
139.0,Class 5
127.0,
119.0,
127.0,
138.0,
145.0,Class 4
140.0,
134.0,
136.0,
137.0,Class 5
137.0,
131.0,
125.0,
132.0,
149.0,
162.0,
168.0,Class 6
174.0,
171.0,
171.0,
175.0,
209.0,
235.0,Class 4
224.0,
183.0,
142.0,
101.0,
78.0,
91.0,Class 5
117.0,
117.0,
98.0,
75.0,
83.0,
119.0,
171.0,Class 6
205.0,
219.0,
237.0,
264.0,
282.0,
263.0,
235.0,
210.0,Class 5
188.0,
174.0,
165.0,
157.0,Class 1
152.0,
142.0,
126.0,
109.0,
101.0,
96.0,
93.0,
87.0,
79.0,
86.0,
97.0,
95.0,
89.0,
84.0,
79.0,
76.0,
76.0,
84.0,
91.0,
91.0,Class 5
89.0,
83.0,
78.0,
78.0,
77.0,
75.0,
69.0,
82.0,
111.0,
111.0,
111.0,
142.0,
165.0,
162.0,Class 1
144.0,
120.0,
112.0,
116.0,
116.0,
111.0,
97.0,
87.0,
86.0,
95.0,
115.0,
135.0,
132.0,
109.0,
89.0,
81.0,
72.0,
60.0,
56.0,Class 5
56.0,
85.0,
122.0,
141.0,
138.0,Class 4
128.0,
129.0,
134.0,
135.0,
127.0,Class 5
94.0,
68.0,
61.0,
73.0,
98.0,
114.0,
137.0,
165.0,Class 6
195.0,
226.0,
251.0,
259.0,
256.0,
236.0,
213.0,Class 5
187.0,
165.0,Class 1
161.0,Class 5
168.0,
169.0,
166.0,
161.0,Class 1
154.0,
143.0,
129.0,
113.0,
96.0,
86.0,
83.0,
84.0,
81.0,Class 5
80.0,
82.0,
85.0,
91.0,
95.0,Class 4
93.0,
98.0,
104.0,
108.0,
112.0,Class 5
121.0,
135.0,
144.0,
148.0,
153.0,
159.0,
162.0,
163.0,
171.0,Class 6
186.0,
192.0,
189.0,
191.0,
200.0,Class 5
185.0,
179.0,
176.0,Class 1
162.0,
137.0,Class 5
123.0,
92.0,
81.0,
93.0,Class 1
121.0,
138.0,Class 5
143.0,
142.0,
136.0,
121.0,
110.0,
99.0,Class 4
85.0,
76.0,
68.0,
81.0,Class 5
123.0,
158.0,
171.0,
154.0,
125.0,
96.0,
71.0,
63.0,
82.0,Class 6
126.0,
160.0,
187.0,
209.0,
212.0,
196.0,
177.0,
165.0,
159.0,Class 4
153.0,
145.0,
141.0,
141.0,
143.0,
131.0,
119.0,
115.0,
131.0,
146.0,Class 5
165.0,
197.0,
221.0,
249.0,
288.0,
317.0,Class 6
337.0,
332.0,
351.0,
360.0,
351.0,
342.0,
321.0,
263.0,Class 5
173.0,
134.0,Class 1
130.0,
108.0,Class 5
97.0,
92.0,
87.0,
90.0,
99.0,
103.0,Class 4
106.0,
113.0,
121.0,Class 5
126.0,
133.0,
138.0,
142.0,
147.0,
151.0,
157.0,
158.0,
160.0,Class 6
169.0,
170.0,
172.0,
177.0,
189.0,Class 5
194.0,
182.0,
165.0,Class 1
149.0,
131.0,
110.0,
94.0,Class 5
86.0,
82.0,Class 1
72.0,
79.0,
84.0,
82.0,
86.0,
97.0,
125.0,
158.0,
162.0,
145.0,
138.0,
147.0,
151.0,Class 5
162.0,
170.0,
171.0,
153.0,Class 1
121.0,
105.0,
108.0,
113.0,Class 5
100.0,
89.0,
84.0,
87.0,
86.0,
91.0,
108.0,
118.0,
122.0,
126.0,
134.0,
136.0,
129.0,Class 4
126.0,
133.0,
143.0,
151.0,
156.0,
172.0,
210.0,
223.0,
200.0,
201.0,
216.0,
221.0,
219.0,
220.0,
225.0,Class 5
244.0,
258.0,
258.0,
247.0,
227.0,
209.0,
198.0,
198.0,
203.0,Class 6
212.0,
229.0,
247.0,
250.0,
250.0,
253.0,Class 5
177.0,
120.0,Class 1
84.0,
70.0,
62.0,
56.0,
48.0,
44.0,
47.0,
56.0,Class 5
64.0,
67.0,
71.0,
74.0,
77.0,Class 4
85.0,
99.0,
110.0,
114.0,Class 5
115.0,
116.0,
119.0,
124.0,
129.0,
131.0,
139.0,
148.0,Class 6
161.0,
172.0,
188.0,
203.0,
214.0,
197.0,Class 5
189.0,
180.0,
166.0,
153.0,
150.0,Class 1
154.0,
109.0,
82.0,Class 5
66.0,
56.0,
52.0,
50.0,
46.0,
45.0,Class 4
44.0,
44.0,
47.0,
65.0,
103.0,
115.0,
111.0,
103.0,
98.0,
103.0,
114.0,
146.0,
179.0,
197.0,
239.0,Class 6
291.0,
322.0,
313.0,
305.0,
298.0,
294.0,
274.0,
245.0,Class 5
196.0,
130.0,Class 1
86.0,
80.0,Class 5
103.0,
124.0,
128.0,
98.0,
76.0,
75.0,
74.0,
58.0,
48.0,
62.0,
57.0,
76.0,
96.0,
97.0,
95.0,
107.0,
138.0,Class 4
166.0,
184.0,
197.0,
207.0,
205.0,
189.0,
212.0,
259.0,
271.0,Class 5
263.0,
261.0,
253.0,
254.0,
276.0,
296.0,
279.0,Class 6
251.0,
264.0,
273.0,
259.0,
233.0,
219.0,
235.0,
223.0,Class 5
188.0,
169.0,
139.0,Class 1
98.0,
71.0,
73.0,
123.0,
148.0,
149.0,
130.0,
105.0,
95.0,Class 4
95.0,
94.0,
92.0,
85.0,
83.0,
95.0,
115.0,
114.0,
110.0,
110.0,
127.0,
144.0,Class 5
140.0,
146.0,
165.0,
204.0,
242.0,
250.0,
231.0,Class 6
217.0,
206.0,
193.0,
199.0,
224.0,
223.0,
211.0,Class 5
196.0,
176.0,
153.0,Class 1
136.0,
119.0,
99.0,
74.0,
69.0,
86.0,
96.0,
110.0,
142.0,
139.0,
121.0,
106.0,
93.0,
89.0,
91.0,
91.0,
93.0,
98.0,
96.0,
94.0,
93.0,
87.0,
82.0,
83.0,
87.0,
88.0,
85.0,
86.0,
86.0,
87.0,
89.0,
93.0,
98.0,
99.0,
99.0,
102.0,
105.0,
115.0,
126.0,
131.0,
133.0,
136.0,Class 5
133.0,
128.0,
129.0,Class 1
133.0,
135.0,Class 5
131.0,
128.0,
127.0,
131.0,
134.0,
141.0,
145.0,
133.0,
134.0,Class 4
137.0,
143.0,
152.0,
165.0,
169.0,Class 1
155.0,
131.0,
107.0,Class 5
110.0,
143.0,
169.0,
162.0,
145.0,
121.0,Class 4
103.0,
91.0,
78.0,
70.0,
77.0,
89.0,
91.0,
86.0,
80.0,
78.0,
98.0,Class 5
130.0,
171.0,
213.0,
246.0,
271.0,
293.0,Class 6
301.0,
312.0,
314.0,
301.0,
305.0,
298.0,
274.0,
252.0,
204.0,
153.0,
110.0,
92.0,
88.0,
105.0,
137.0,
161.0,
169.0,
163.0,
168.0,
174.0,Class 5
174.0,
161.0,
133.0,
106.0,
98.0,
99.0,Class 4
95.0,
86.0,
78.0,
80.0,
87.0,
99.0,
111.0,
117.0,
126.0,Class 5
140.0,
152.0,
157.0,
166.0,
183.0,
200.0,
215.0,
220.0,Class 6
219.0,
223.0,
232.0,
239.0,
230.0,
213.0,
209.0,Class 5
204.0,
175.0,
142.0,
113.0,
86.0,
66.0,
62.0,
91.0,
105.0,
71.0,
57.0,Class 4
70.0,
96.0,
127.0,
106.0,
97.0,
132.0,
180.0,
194.0,
201.0,
196.0,
175.0,
172.0,
200.0,
219.0,
245.0,
272.0,
288.0,
277.0,
257.0,
242.0,
227.0,
219.0,
214.0,
205.0,
210.0,
224.0,
233.0,
238.0,
243.0,
248.0,
249.0,
251.0,
262.0,
268.0,
254.0,
227.0,
209.0,
213.0,
220.0,
213.0,Class 5
211.0,
228.0,
247.0,
262.0,
267.0,
255.0,
249.0,Class 6
258.0,
273.0,
280.0,
290.0,
294.0,
282.0,
258.0,
225.0,Class 5
183.0,
153.0,Class 1
116.0,
87.0,
76.0,
66.0,
60.0,
56.0,
55.0,
55.0,
58.0,
58.0,
59.0,
62.0,
64.0,
66.0,
66.0,
66.0,
67.0,
70.0,
84.0,
101.0,
112.0,
117.0,
111.0,Class 5
104.0,
107.0,
119.0,
118.0,
108.0,
103.0,
100.0,
104.0,
112.0,
113.0,
114.0,
121.0,
131.0,
143.0,
152.0,Class 4
162.0,
176.0,
169.0,
150.0,
161.0,
215.0,
264.0,
292.0,
293.0,
285.0,
280.0,
263.0,
245.0,
254.0,
281.0,
317.0,
347.0,
355.0,Class 6
330.0,
310.0,
291.0,
278.0,
263.0,
240.0,
220.0,
203.0,
179.0,
172.0,
186.0,
195.0,
179.0,
147.0,
123.0,
109.0,
97.0,Class 4
88.0,
89.0,
89.0,
93.0,
124.0,
179.0,
228.0,Class 5
260.0,
265.0,
283.0,
301.0,
315.0,
341.0,
366.0,Class 6
385.0,
395.0,
428.0,
444.0,
418.0,
379.0,
325.0,
267.0,
215.0,Class 5
170.0,
145.0,Class 1
127.0,
121.0,
119.0,
111.0,
102.0,
95.0,
88.0,
85.0,
90.0,
92.0,
97.0,Class 5
108.0,
118.0,
123.0,
123.0,
125.0,Class 4
133.0,
144.0,
151.0,Class 5
155.0,
153.0,
149.0,
148.0,
159.0,
173.0,
177.0,
171.0,Class 4
166.0,
168.0,
174.0,
180.0,
184.0,
190.0,
195.0,
160.0,
172.0,
146.0,Class 5
112.0,
98.0,
126.0,
184.0,
227.0,
233.0,
220.0,Class 6
212.0,
201.0,
191.0,
220.0,
237.0,
239.0,
221.0,
192.0,
159.0,
129.0,
109.0,
96.0,
73.0,
64.0,
79.0,
128.0,
141.0,Class 4
130.0,
146.0,
180.0,
190.0,
190.0,
222.0,
240.0,Class 5
232.0,
208.0,
188.0,
211.0,
238.0,
237.0,Class 6
258.0,
293.0,
318.0,
328.0,
323.0,
310.0,
288.0,
258.0,
217.0,Class 5
171.0,
148.0,
161.0,
164.0,
162.0,Class 1
167.0,
152.0,
136.0,Class 5
126.0,
111.0,
101.0,
98.0,
98.0,
101.0,
105.0,
111.0,
115.0,
111.0,
119.0,
135.0,
138.0,
134.0,
128.0,
127.0,
153.0,
163.0,
169.0,
181.0,
193.0,
205.0,
218.0,Class 4
230.0,
240.0,
242.0,
236.0,
235.0,Class 5
230.0,
227.0,
223.0,
230.0,
249.0,
270.0,
283.0,Class 6
260.0,
238.0,
240.0,
286.0,
330.0,
322.0,
267.0,Class 5
198.0,
156.0,
129.0,
106.0,
95.0,
80.0,
71.0,Class 4
80.0,
120.0,
163.0,
166.0,
150.0,Class 5
145.0,
134.0,
113.0,
96.0,Class 6
90.0,
83.0,
93.0,
146.0,Class 4
196.0,
231.0,
257.0,
268.0,
250.0,
229.0,Class 5
201.0,
176.0,
175.0,
171.0,
156.0,
104.0,
83.0,
139.0,Class 6
185.0,
211.0,
238.0,
242.0,
227.0,
226.0,
223.0,
202.0,Class 5
186.0,
172.0,
150.0,Class 1
141.0,
124.0,
110.0,
100.0,
93.0,
88.0,
83.0,
81.0,
82.0,
84.0,
84.0,Class 5
82.0,
85.0,
94.0,Class 4
97.0,
98.0,Class 5
103.0,
112.0,
125.0,
137.0,
147.0,
152.0,
153.0,
152.0,
152.0,
156.0,Class 6
158.0,
161.0,
167.0,Class 5
174.0,
185.0,
179.0,
174.0,
165.0,Class 4
159.0,
161.0,
159.0,
148.0,Class 5
133.0,
128.0,
127.0,
122.0,
114.0,
116.0,
123.0,
128.0,
131.0,
131.0,Class 6
146.0,
177.0,
198.0,
197.0,Class 5
179.0,
181.0,
181.0,
161.0,
144.0,
135.0,
122.0,
112.0,
109.0,
100.0,
89.0,
80.0,Class 4
82.0,
100.0,
116.0,
104.0,
79.0,
108.0,
170.0,
215.0,
233.0,
229.0,
225.0,
221.0,Class 5
222.0,
239.0,
262.0,
262.0,
254.0,
251.0,
236.0,
232.0,Class 6
230.0,
234.0,
238.0,
234.0,
217.0,
214.0,
216.0,
202.0,Class 5
183.0,
173.0,Class 1
166.0,Class 5
159.0,
152.0,
129.0,
108.0,
97.0,
85.0,
69.0,
61.0,Class 4
56.0,
52.0,
48.0,
45.0,
45.0,
49.0,
53.0,
73.0,
111.0,
141.0,
173.0,
197.0,
200.0,
214.0,
238.0,
248.0,
251.0,
249.0,Class 5
256.0,
268.0,
264.0,
248.0,
239.0,Class 6
240.0,
240.0,
243.0,
246.0,
240.0,
230.0,Class 4
224.0,
231.0,
223.0,
213.0,
209.0,
192.0,
166.0,
142.0,
107.0,
84.0,
78.0,
86.0,
130.0,Class 5
181.0,
201.0,
208.0,
213.0,
211.0,
214.0,
213.0,
208.0,
193.0,Class 6
184.0,
185.0,
199.0,
204.0,
199.0,Class 5
192.0,
185.0,
174.0,
164.0,
154.0,
152.0,Class 4
165.0,
173.0,
166.0,
162.0,
157.0,
150.0,
145.0,
140.0,
137.0,
136.0,
134.0,
138.0,Class 6
175.0,
232.0,
288.0,
304.0,Class 4
308.0,
312.0,
301.0,
284.0,
264.0,
254.0,
241.0,
222.0,
211.0,
202.0,
200.0,
203.0,
207.0,
212.0,Class 6
209.0,
228.0,
247.0,
253.0,
242.0,
233.0,
216.0,Class 4
209.0,
206.0,
206.0,Class 5
204.0,
192.0,
180.0,
175.0,
180.0,
182.0,
174.0,
167.0,
161.0,
163.0,Class 6
173.0,
185.0,
195.0,
199.0,
191.0,Class 5
187.0,
183.0,
173.0,
162.0,Class 1
156.0,
154.0,
140.0,
120.0,
110.0,
113.0,Class 5
119.0,
114.0,
103.0,
100.0,
96.0,
96.0,
102.0,
142.0,Class 4
169.0,
157.0,
142.0,
159.0,
162.0,
140.0,
138.0,
153.0,
160.0,
156.0,Class 5
156.0,
159.0,
167.0,
181.0,
198.0,Class 6
204.0,
201.0,
202.0,
206.0,
210.0,
217.0,
211.0,Class 4
209.0,
204.0,
189.0,
171.0,
162.0,
166.0,
173.0,
172.0,
165.0,
157.0,
151.0,
148.0,
151.0,Class 5
215.0,
251.0,
270.0,
271.0,
271.0,
258.0,
236.0,Class 6
230.0,
241.0,
255.0,
267.0,
266.0,
248.0,
233.0,
225.0,Class 5
193.0,
75.0,Class 1
64.0,
57.0,
52.0,
48.0,
46.0,
47.0,
51.0,
55.0,
61.0,
67.0,
72.0,
73.0,
73.0,
76.0,
83.0,Class 5
91.0,
96.0,
100.0,
102.0,
100.0,
104.0,
112.0,
118.0,
123.0,
124.0,
126.0,
129.0,
131.0,
133.0,
134.0,
136.0,
147.0,
161.0,
171.0,
184.0,Class 4
194.0,
195.0,
186.0,
184.0,
190.0,
200.0,
204.0,
203.0,
220.0,
260.0,
288.0,
295.0,
302.0,
326.0,
347.0,
373.0,
399.0,
404.0,Class 6
385.0,
363.0,
338.0,
315.0,
291.0,
270.0,
254.0,
254.0,
250.0,
235.0,
216.0,Class 5
193.0,
180.0,
162.0,Class 1
147.0,
133.0,
113.0,
93.0,
92.0,
109.0,
119.0,
114.0,
106.0,
95.0,
76.0,
85.0,
125.0,
146.0,
143.0,
141.0,
145.0,
142.0,
147.0,
150.0,
150.0,
108.0,
74.0,
68.0,
86.0,
113.0,
110.0,
100.0,
104.0,
113.0,
116.0,
117.0,
117.0,
119.0,
125.0,
136.0,
148.0,
156.0,
152.0,
149.0,
148.0,
146.0,
146.0,
144.0,
144.0,Class 5
147.0,
151.0,
150.0,
142.0,
131.0,Class 5
128.0,
134.0,Class 1
142.0,
143.0,
139.0,
134.0,
134.0,
133.0,
128.0,
127.0,
131.0,
129.0,
136.0,
132.0,
121.0,Class 4
117.0,
131.0,
175.0,
165.0,
114.0,
98.0,
148.0,
186.0,
216.0,
238.0,
246.0,
246.0,
242.0,
255.0,
296.0,
337.0,Class 6
358.0,
345.0,
325.0,
311.0,
303.0,
292.0,
292.0,
272.0,
239.0,
221.0,Class 5
215.0,
195.0,
166.0,
142.0,Class 4
137.0,
135.0,
129.0,
119.0,
109.0,Class 5
106.0,
106.0,
85.0,
65.0,
83.0,
112.0,
115.0,Class 6
144.0,
180.0,
197.0,
237.0,
272.0,
280.0,
239.0,Class 5
196.0,
160.0,Class 1
131.0,
114.0,
104.0,
106.0,
115.0,
113.0,
101.0,
88.0,
87.0,
89.0,
89.0,
86.0,
85.0,
87.0,
89.0,
91.0,
93.0,
96.0,
99.0,
102.0,
110.0,Class 5
112.0,
118.0,Class 4
128.0,Class 5
136.0,
139.0,
142.0,
143.0,
148.0,
156.0,Class 4
160.0,
157.0,
152.0,Class 5
155.0,
161.0,
162.0,
166.0,
173.0,
176.0,
174.0,
174.0,Class 6
174.0,
169.0,
156.0,
171.0,
201.0,Class 4
217.0,
205.0,
164.0,
130.0,Class 5
126.0,
124.0,
108.0,
85.0,
69.0,
63.0,
79.0,
119.0,Class 6
147.0,
171.0,
201.0,
223.0,
233.0,
226.0,
210.0,Class 5
196.0,
182.0,
157.0,Class 1
133.0,
135.0,
145.0,
132.0,
116.0,
109.0,
104.0,
88.0,
72.0,
73.0,
84.0,
104.0,
124.0,
128.0,
132.0,
128.0,
124.0,
127.0,
129.0,Class 5
123.0,
118.0,
120.0,
124.0,
136.0,
142.0,
125.0,
88.0,
71.0,
71.0,
79.0,
102.0,
123.0,Class 4
128.0,
121.0,
123.0,
140.0,
156.0,
173.0,
195.0,Class 5
211.0,
214.0,
223.0,
244.0,
257.0,
261.0,
273.0,Class 6
282.0,
283.0,
285.0,
288.0,
281.0,
270.0,
241.0,Class 5
208.0,
184.0,
175.0,Class 4
164.0,
143.0,
129.0,
125.0,Class 5
114.0,
103.0,
102.0,
102.0,
97.0,
98.0,
90.0,
97.0,Class 6
112.0,
118.0,
148.0,
194.0,
218.0,
210.0,
185.0,
166.0,
128.0,
118.0,
128.0,
137.0,
147.0,
152.0,
152.0,
152.0,
154.0,
164.0,
181.0,
194.0,
212.0,
249.0,
277.0,
283.0,Class 4
288.0,
296.0,
304.0,
319.0,
324.0,
302.0,
270.0,
246.0,
230.0,
211.0,
206.0,
211.0,
222.0,
245.0,
270.0,
292.0,
309.0,
317.0,
314.0,
302.0,
286.0,
271.0,
253.0,
231.0,
221.0,
233.0,
260.0,
280.0,Class 5
285.0,
285.0,
277.0,
264.0,
260.0,
263.0,
278.0,Class 6
282.0,
275.0,
287.0,
306.0,
296.0,
278.0,
232.0,
207.0,
197.0,Class 5
185.0,
178.0,
176.0,
169.0,
154.0,Class 1
139.0,
126.0,
114.0,
110.0,
117.0,
124.0,
121.0,
116.0,
114.0,Class 5
116.0,
114.0,
114.0,
110.0,Class 4
101.0,
97.0,
99.0,
102.0,
97.0,
92.0,
88.0,
87.0,
93.0,
121.0,Class 5
131.0,
127.0,
123.0,
147.0,
197.0,
237.0,
253.0,Class 6
246.0,
234.0,
232.0,
237.0,
258.0,Class 5
242.0,
216.0,
188.0,Class 4
155.0,
111.0,Class 5
79.0,
64.0,
71.0,
128.0,
104.0,
136.0,
150.0,
157.0,
150.0,
143.0,Class 6
160.0,
177.0,
187.0,
194.0,Class 5
183.0,
176.0,
182.0,
166.0,Class 1
134.0,
126.0,
125.0,
120.0,
116.0,
117.0,
107.0,
102.0,
102.0,
97.0,
93.0,
87.0,
85.0,
90.0,
83.0,
69.0,
65.0,
71.0,
84.0,
77.0,Class 4
71.0,
88.0,
97.0,
95.0,
102.0,Class 5
102.0,
105.0,
110.0,
107.0,Class 6
129.0,
156.0,
132.0,
131.0,Class 4
163.0,
200.0,
263.0,
287.0,
288.0,
263.0,
226.0,
166.0,
97.0,
63.0,
59.0,
77.0,
116.0,
150.0,
194.0,
237.0,
247.0,
247.0,
242.0,
232.0,
215.0,
202.0,
205.0,
210.0,
204.0,Class 5
198.0,
206.0,
216.0,
217.0,
218.0,
216.0,
201.0,
204.0,Class 6
214.0,
217.0,
218.0,
216.0,
220.0,
218.0,Class 5
198.0,
176.0,
162.0,Class 1
142.0,
118.0,
104.0,
106.0,
105.0,
100.0,
93.0,
90.0,
91.0,
102.0,
105.0,
85.0,
69.0,
90.0,
101.0,
86.0,
77.0,
76.0,
74.0,
75.0,
77.0,
76.0,
89.0,
75.0,
78.0,
95.0,
102.0,
106.0,Class 5
107.0,
112.0,
117.0,
119.0,
118.0,
113.0,
109.0,
115.0,Class 4
123.0,
130.0,
132.0,
134.0,
145.0,
144.0,
133.0,Class 5
134.0,
145.0,
162.0,
185.0,
187.0,
171.0,
186.0,Class 6
222.0,
260.0,
295.0,
301.0,
275.0,
265.0,
252.0,
215.0,Class 5
177.0,
164.0,
169.0,
166.0,
155.0,Class 4
142.0,
134.0,
126.0,
119.0,
113.0,
106.0,
98.0,
94.0,
91.0,
86.0,
84.0,
90.0,
137.0,
192.0,
235.0,Class 5
279.0,
298.0,
299.0,
295.0,
282.0,
292.0,
293.0,Class 6
298.0,
322.0,
321.0,
308.0,
293.0,
275.0,
257.0,
234.0,
209.0,Class 5
173.0,
133.0,Class 1
93.0,
69.0,
59.0,
49.0,
45.0,
53.0,
58.0,
53.0,
49.0,
51.0,
59.0,
67.0,
75.0,
79.0,
79.0,Class 5
83.0,
90.0,
96.0,
103.0,
107.0,
108.0,
111.0,Class 4
114.0,
121.0,
132.0,
136.0,Class 5
138.0,
151.0,
152.0,
157.0,
155.0,
152.0,Class 4
159.0,
169.0,
169.0,
168.0,
178.0,
209.0,
234.0,
217.0,
206.0,
188.0,
165.0,
161.0,
162.0,
178.0,Class 5
216.0,
268.0,
298.0,
294.0,
268.0,
240.0,
205.0,
169.0,Class 6
160.0,
193.0,
235.0,
267.0,
259.0,
232.0,Class 5
195.0,
133.0,
91.0,
91.0,Class 1
111.0,
112.0,
84.0,
80.0,Class 5
93.0,
99.0,
92.0,
80.0,
84.0,
90.0,
89.0,
85.0,
82.0,
84.0,Class 4
99.0,
138.0,
162.0,
159.0,
158.0,Class 5
161.0,
162.0,
163.0,
167.0,
173.0,
184.0,
189.0,
188.0,Class 6
191.0,
194.0,
200.0,
204.0,
203.0,
199.0,
189.0,
184.0,Class 4
178.0,
152.0,
124.0,
96.0,
76.0,
65.0,
55.0,
44.0,
40.0,
40.0,
44.0,
103.0,
158.0,
200.0,
227.0,
241.0,
252.0,
257.0,
252.0,
245.0,Class 5
244.0,
254.0,
265.0,
267.0,Class 6
263.0,
260.0,
258.0,
257.0,
258.0,
265.0,
259.0,
251.0,
233.0,
225.0,
213.0,
214.0,
188.0,Class 4
153.0,
119.0,
77.0,
63.0,
85.0,
150.0,
203.0,Class 5
234.0,
246.0,
247.0,
243.0,
243.0,
254.0,Class 6
275.0,
308.0,
325.0,
323.0,
314.0,
302.0,
283.0,
252.0,Class 4
203.0,
159.0,
146.0,Class 5
138.0,
129.0,
119.0,
108.0,
98.0,
94.0,
97.0,Class 4
101.0,
96.0,
107.0,
139.0,
187.0,
205.0,
183.0,
158.0,
125.0,
136.0,
166.0,
182.0,
197.0,
227.0,
263.0,
297.0,
323.0,
334.0,Class 6
334.0,
320.0,
306.0,
309.0,
312.0,
301.0,
276.0,
240.0,Class 5
187.0,
126.0,Class 1
92.0,
70.0,
57.0,
50.0,Class 5
45.0,
40.0,
40.0,
40.0,
40.0,Class 4
40.0,
42.0,
43.0,
45.0,Class 5
49.0,
55.0,
73.0,
87.0,
103.0,
124.0,
138.0,
148.0,Class 6
161.0,
177.0,
196.0,
226.0,
237.0,Class 5
223.0,
198.0,
194.0,Class 4
187.0,
168.0,
150.0,
147.0,Class 5
147.0,
147.0,
144.0,
115.0,
107.0,
106.0,Class 4
96.0,
94.0,
95.0,
106.0,
155.0,Class 5
211.0,
233.0,
212.0,
184.0,
153.0,
124.0,
97.0,
85.0,
84.0,Class 6
127.0,
204.0,
248.0,
245.0,
231.0,
217.0,
191.0,
159.0,
137.0,Class 4
125.0,
117.0,
113.0,
122.0,
117.0,
104.0,
94.0,
76.0,
65.0,
62.0,
73.0,
130.0,
185.0,
237.0,
290.0,
338.0,
358.0,
350.0,Class 6
340.0,
335.0,
330.0,
320.0,
294.0,
263.0,
242.0,
226.0,
203.0,Class 5
192.0,
201.0,
204.0,
186.0,
158.0,
145.0,Class 4
143.0,
139.0,
133.0,
126.0,
121.0,
122.0,
127.0,
128.0,
133.0,
146.0,
165.0,
183.0,
198.0,
210.0,
214.0,
223.0,
233.0,
234.0,
236.0,
233.0,
224.0,
225.0,
225.0,Class 5
222.0,
224.0,
224.0,
225.0,
229.0,
228.0,
224.0,
224.0,Class 6
223.0,
224.0,
229.0,
236.0,
251.0,
237.0,
205.0,
184.0,
147.0,Class 4
115.0,
116.0,
127.0,
139.0,
141.0,
136.0,
134.0,
133.0,
137.0,
140.0,
139.0,
139.0,
154.0,
197.0,
246.0,
245.0,
230.0,
242.0,
267.0,
280.0,Class 6
283.0,
270.0,
249.0,
234.0,
225.0,
227.0,
236.0,
228.0,
211.0,Class 4
196.0,
172.0,
149.0,
145.0,
119.0,
105.0,
113.0,Class 5
145.0,
171.0,
123.0,
110.0,
138.0,
190.0,Class 6
244.0,
285.0,
307.0,
323.0,
335.0,
310.0,
283.0,
238.0,
195.0,
164.0,
146.0,
138.0,
119.0,
108.0,
121.0,
118.0,
95.0,
88.0,
99.0,
112.0,
121.0,
127.0,Class 4
137.0,
152.0,
173.0,
195.0,
208.0,
214.0,
230.0,
239.0,
253.0,Class 5
274.0,
281.0,
288.0,
298.0,
294.0,Class 6
297.0,
304.0,
321.0,
317.0,
316.0,
307.0,
272.0,
252.0,
240.0,
226.0,
211.0,
194.0,
176.0,
159.0,
154.0,
121.0,Class 5
105.0,
109.0,
119.0,
123.0,
113.0,
135.0,
171.0,
171.0,
150.0,
144.0,
144.0,
135.0,
128.0,
132.0,Class 1
123.0,
102.0,Class 5
103.0,
134.0,
160.0,
170.0,
169.0,
159.0,
131.0,Class 4
102.0,
92.0,
91.0,
90.0,
87.0,
78.0,
73.0,
87.0,
105.0,
119.0,
131.0,
148.0,
170.0,
212.0,
262.0,
308.0,
339.0,
341.0,Class 6
330.0,
321.0,
309.0,
297.0,
293.0,
283.0,
267.0,Class 5
256.0,
243.0,
224.0,
210.0,
180.0,
125.0,
89.0,
103.0,
138.0,
156.0,Class 6
160.0,Class 5
167.0,
179.0,
192.0,Class 5
194.0,
189.0,
175.0,
141.0,Class 1
118.0,
113.0,
107.0,
103.0,
101.0,
96.0,
93.0,
91.0,
88.0,
86.0,
83.0,
85.0,
87.0,
83.0,
83.0,
90.0,
96.0,
104.0,
107.0,
108.0,
112.0,
114.0,
116.0,
116.0,
112.0,
108.0,
101.0,Class 5
99.0,
99.0,
97.0,Class 4
96.0,
97.0,
108.0,
111.0,Class 5
119.0,
128.0,
135.0,
136.0,
144.0,
151.0,
153.0,
144.0,Class 6
124.0,
121.0,
148.0,
192.0,
229.0,
190.0,
150.0,
137.0,
131.0,
128.0,Class 4
135.0,Class 4
147.0,
153.0,
157.0,
157.0,
165.0,
161.0,Class 5
153.0,
140.0,
123.0,
124.0,
166.0,
223.0,Class 6
274.0,
319.0,
358.0,
393.0,
422.0,
387.0,
312.0,
259.0,Class 5
211.0,
162.0,Class 1
114.0,
73.0,
53.0,
60.0,
127.0,
135.0,Class 5
107.0,
69.0,
92.0,
161.0,
157.0,
138.0,
150.0,
167.0,
165.0,Class 4
154.0,
145.0,
145.0,
151.0,Class 5
160.0,
169.0,
172.0,
166.0,
165.0,
169.0,
165.0,
169.0,
174.0,
181.0,Class 6
190.0,
193.0,
193.0,
192.0,
197.0,Class 5
192.0,
180.0,
171.0,
167.0,
155.0,
136.0,
125.0,
117.0,
108.0,
101.0,Class 4
90.0,
81.0,
77.0,
74.0,
79.0,
80.0,
87.0,
93.0,
106.0,
138.0,
172.0,
197.0,
214.0,
239.0,
283.0,
327.0,
350.0,Class 6
334.0,
290.0,
256.0,
246.0,
232.0,
236.0,
252.0,
252.0,
224.0,
216.0,
225.0,Class 5
208.0,
174.0,
153.0,Class 1
139.0,
108.0,
80.0,
75.0,
85.0,
88.0,
87.0,
93.0,
89.0,
69.0,
60.0,
56.0,
60.0,
90.0,
126.0,
151.0,
141.0,
124.0,
100.0,
88.0,
91.0,
104.0,
109.0,
106.0,
97.0,
89.0,
83.0,Class 5
79.0,
68.0,
71.0,
92.0,
103.0,
93.0,
89.0,
100.0,
107.0,
112.0,
122.0,Class 4
134.0,
139.0,
143.0,
150.0,
155.0,Class 5
157.0,
167.0,
182.0,
187.0,
189.0,
194.0,
197.0,
198.0,Class 6
199.0,
200.0,
200.0,
206.0,
206.0,Class 5
200.0,
186.0,
179.0,
170.0,
158.0,
118.0,
94.0,
91.0,
89.0,
86.0,
83.0,Class 4
91.0,
101.0,
117.0,
139.0,
150.0,
157.0,
165.0,
173.0,
179.0,
185.0,
189.0,
198.0,
214.0,
245.0,
285.0,
313.0,
324.0,Class 5
317.0,
299.0,
279.0,
261.0,
247.0,
234.0,
230.0,Class 6
230.0,
262.0,
286.0,
296.0,
284.0,
266.0,
244.0,
218.0,Class 5
190.0,
178.0,
126.0,Class 1
87.0,
77.0,
77.0,
81.0,
128.0,Class 5
151.0,
154.0,
136.0,
112.0,
101.0,
98.0,
108.0,
113.0,
109.0,
101.0,
89.0,
90.0,
114.0,
137.0,
160.0,
171.0,
174.0,
173.0,
169.0,
163.0,Class 4
159.0,
154.0,
143.0,
137.0,
136.0,
137.0,
134.0,
131.0,
129.0,
130.0,
131.0,
129.0,
126.0,
126.0,
128.0,
134.0,
137.0,
138.0,
139.0,
140.0,
140.0,
138.0,
134.0,
132.0,
125.0,
115.0,
107.0,
102.0,
96.0,
90.0,
85.0,
78.0,
76.0,
81.0,
77.0,
88.0,
122.0,Class 4
152.0,
157.0,
137.0,
112.0,Class 5
98.0,
91.0,
87.0,
84.0,
82.0,
78.0,
75.0,
77.0,Class 6
100.0,
155.0,
208.0,
248.0,
259.0,
236.0,
205.0,
188.0,
188.0,
164.0,
122.0,
101.0,
103.0,
102.0,
91.0,Class 5
78.0,
94.0,Class 4
133.0,
169.0,
192.0,Class 5
181.0,
156.0,
141.0,
107.0,
77.0,
67.0,
63.0,
76.0,
126.0,Class 6
134.0,
122.0,
135.0,
166.0,Class 5
188.0,
188.0,
180.0,
173.0,
162.0,Class 1
148.0,
138.0,
136.0,
131.0,
109.0,
105.0,
101.0,
79.0,
68.0,
62.0,
57.0,
53.0,
49.0,
46.0,
48.0,
51.0,
57.0,
66.0,
68.0,
67.0,
68.0,
73.0,
79.0,
79.0,
81.0,
88.0,
88.0,
86.0,
87.0,Class 5
91.0,
90.0,
87.0,
83.0,Class 5
81.0,
78.0,
78.0,Class 5
82.0,
79.0,
72.0,
75.0,
76.0,
82.0,
93.0,
88.0,
91.0,
119.0,
167.0,Class 4
195.0,
198.0,
201.0,
204.0,
188.0,
153.0,
132.0,
125.0,
117.0,
121.0,
158.0,
214.0,Class 5
257.0,
292.0,
332.0,
365.0,
380.0,
398.0,Class 6
412.0,
408.0,
399.0,
393.0,
382.0,
368.0,
346.0,
304.0,
247.0,Class 4
210.0,
185.0,
157.0,
118.0,
81.0,
63.0,
63.0,
105.0,
101.0,
91.0,
104.0,
122.0,
151.0,
188.0,
222.0,
234.0,
225.0,
228.0,Class 5
224.0,
217.0,
222.0,
232.0,
229.0,
204.0,
186.0,
194.0,Class 6
205.0,
216.0,
229.0,
237.0,
230.0,
221.0,
213.0,Class 5
202.0,
168.0,
137.0,Class 1
119.0,
97.0,
87.0,
89.0,
91.0,
94.0,
98.0,
102.0,
111.0,
119.0,
117.0,
116.0,
123.0,
124.0,Class 5
120.0,
123.0,
128.0,
125.0,
120.0,
114.0,
109.0,
109.0,
108.0,
104.0,
107.0,
108.0,
124.0,
124.0,
123.0,
107.0,
72.0,
116.0,
172.0,
223.0,Class 4
264.0,
281.0,
275.0,
269.0,
262.0,
265.0,
269.0,
254.0,
236.0,
221.0,Class 5
209.0,
202.0,
224.0,
260.0,
279.0,
299.0,
324.0,Class 6
330.0,
326.0,
320.0,
309.0,
290.0,
273.0,
255.0,
228.0,
201.0,
177.0,
163.0,
160.0,Class 4
160.0,
157.0,
152.0,
149.0,
143.0,
140.0,
138.0,Class 5
144.0,
165.0,
182.0,
193.0,
220.0,
251.0,Class 6
269.0,
279.0,
301.0,
326.0,
336.0,
310.0,
268.0,
251.0,
230.0,
203.0,Class 5
185.0,
162.0,Class 1
137.0,
118.0,
99.0,
83.0,
78.0,
75.0,
67.0,
59.0,
54.0,
55.0,
60.0,
65.0,
71.0,
73.0,
73.0,
76.0,
78.0,
84.0,
94.0,
100.0,Class 5
100.0,
105.0,
102.0,
97.0,
101.0,
100.0,
96.0,
95.0,
97.0,Class 4
106.0,
114.0,
122.0,
142.0,
152.0,
149.0,
158.0,
156.0,
159.0,
169.0,Class 5
182.0,
214.0,
258.0,
300.0,
345.0,
378.0,Class 6
391.0,
393.0,
408.0,
403.0,
388.0,
365.0,
332.0,
284.0,
232.0,
183.0,
135.0,Class 4
98.0,
89.0,
85.0,
72.0,
65.0,Class 5
71.0,
96.0,
102.0,
106.0,
106.0,
102.0,
101.0,
80.0,
54.0,
138.0,
197.0,
237.0,
245.0,
212.0,Class 4
165.0,
102.0,
71.0,
65.0,
76.0,
95.0,
129.0,
168.0,
217.0,
251.0,
240.0,
192.0,
147.0,
109.0,Class 5
352.0,
360.0,
343.0,
322.0,
305.0,
291.0,
275.0,
270.0,Class 6
271.0,
282.0,
300.0,
307.0,
297.0,Class 4
270.0,
242.0,
209.0,
177.0,Class 5
153.0,
129.0,
96.0,
90.0,
104.0,
105.0,
71.0,
60.0,Class 6
53.0,
66.0,
139.0,
204.0,
231.0,
208.0,Class 5
182.0,
155.0,Class 1
132.0,
115.0,
99.0,
86.0,
91.0,
108.0,
110.0,
81.0,
62.0,
50.0,Class 5
51.0,
56.0,
43.0,
42.0,
50.0,
58.0,
81.0,
107.0,
120.0,
123.0,
124.0,
131.0,
146.0,Class 4
157.0,
162.0,
167.0,
170.0,
170.0,Class 5
169.0,
177.0,
193.0,
201.0,
192.0,
175.0,
163.0,
181.0,
207.0,Class 6
209.0,
203.0,
200.0,
196.0,
207.0,
200.0,
191.0,
181.0,Class 4
169.0,
160.0,
142.0,
119.0,Class 5
110.0,
103.0,
97.0,
93.0,
101.0,
102.0,
94.0,
103.0,Class 6
111.0,
121.0,Class 4
150.0,
211.0,
259.0,
222.0,Class 5
163.0,
133.0,
139.0,
139.0,
119.0,
90.0,
73.0,Class 6
65.0,
66.0,
74.0,
100.0,
169.0,
205.0,
206.0,
187.0,
166.0,
144.0,
126.0,
110.0,Class 4
102.0,
90.0,
74.0,
67.0,
70.0,
81.0,Class 5
112.0,
168.0,
239.0,
292.0,
296.0,
276.0,
267.0,Class 6
277.0,
313.0,
338.0,
338.0,
315.0,
282.0,
248.0,
228.0,Class 5
217.0,
174.0,
132.0,Class 1
117.0,
103.0,
84.0,
73.0,
75.0,
78.0,
72.0,
69.0,
65.0,
61.0,
61.0,
59.0,
57.0,
59.0,
65.0,
72.0,
77.0,
82.0,Class 5
90.0,
96.0,
98.0,
105.0,Class 4
111.0,
116.0,
122.0,
128.0,
135.0,Class 5
134.0,
130.0,
127.0,
123.0,
129.0,
136.0,Class 6
143.0,
149.0,
140.0,
169.0,
227.0,
262.0,Class 4
260.0,
242.0,
223.0,
202.0,
175.0,
146.0,
131.0,
123.0,
109.0,
103.0,
136.0,
181.0,Class 5
194.0,
186.0,
203.0,Class 6
248.0,
282.0,
278.0,Class 4
244.0,
214.0,
223.0,
249.0,Class 5
227.0,
207.0,
212.0,
223.0,
216.0,
195.0,
163.0,
128.0,Class 6
97.0,
85.0,
120.0,
186.0,
230.0,
220.0,Class 5
182.0,
152.0,Class 1
132.0,
108.0,
99.0,
96.0,
101.0,
126.0,
137.0,
126.0,
115.0,
109.0,
98.0,
82.0,
70.0,
63.0,
61.0,
75.0,
89.0,Class 5
96.0,
104.0,
108.0,
110.0,
113.0,
116.0,
116.0,Class 4
118.0,
128.0,
132.0,
134.0,Class 5
140.0,
137.0,
140.0,
148.0,
152.0,
160.0,Class 6
166.0,
173.0,
179.0,
182.0,
185.0,
186.0,Class 4
197.0,
197.0,
197.0,
191.0,Class 5
174.0,
158.0,
156.0,
152.0,
139.0,
130.0,
117.0,Class 6
97.0,
113.0,
163.0,
205.0,
237.0,
248.0,Class 4
233.0,
206.0,
171.0,
130.0,
99.0,
81.0,
83.0,
93.0,
67.0,Class 5
57.0,
68.0,
124.0,
168.0,
213.0,Class 6
251.0,
286.0,
318.0,
332.0,
311.0,
288.0,
271.0,Class 4
241.0,
215.0,
222.0,
214.0,
189.0,
158.0,
125.0,
100.0,
79.0,
79.0,
82.0,
84.0,
99.0,
152.0,
223.0,Class 5
289.0,
325.0,
321.0,
301.0,
273.0,
254.0,
276.0,Class 6
304.0,
307.0,
298.0,
291.0,
278.0,
265.0,
257.0,
233.0,Class 5
200.0,
170.0,
147.0,Class 1
128.0,
99.0,
71.0,
56.0,
53.0,
96.0,
107.0,
88.0,Class 5
76.0,
68.0,
60.0,
59.0,
80.0,Class 4
108.0,
111.0,
101.0,
97.0,
102.0,Class 5
112.0,
121.0,
120.0,
123.0,
140.0,
157.0,
162.0,Class 6
163.0,Class 5
172.0,
176.0,
178.0,Class 4
186.0,
188.0,
187.0,
190.0,Class 5
185.0,
182.0,
170.0,
158.0,
148.0,
140.0,
126.0,
127.0,
126.0,Class 6
132.0,
158.0,
198.0,
233.0,
238.0,
217.0,
180.0,
141.0,
100.0,Class 4
72.0,
64.0,
69.0,
91.0,
118.0,
117.0,
115.0,
126.0,Class 5
126.0,
136.0,
172.0,
209.0,
247.0,Class 6
272.0,
276.0,
286.0,Class 4
316.0,
338.0,
343.0,Class 5
326.0,
297.0,
260.0,
211.0,
167.0,
144.0,
130.0,
103.0,
81.0,Class 6
101.0,
143.0,
186.0,
213.0,
232.0,
220.0,Class 5
184.0,
153.0,
147.0,
157.0,Class 1
159.0,
140.0,
104.0,
74.0,
66.0,
69.0,
77.0,
83.0,
87.0,
95.0,
99.0,
98.0,
94.0,
87.0,
85.0,
89.0,
77.0,
63.0,
57.0,
51.0,
47.0,
46.0,
45.0,
42.0,
43.0,
48.0,
52.0,
54.0,
53.0,
49.0,
46.0,
48.0,
55.0,
62.0,
60.0,
60.0,
59.0,
57.0,Class 5
56.0,
58.0,
67.0,
74.0,Class 4
75.0,
73.0,
77.0,
87.0,Class 5
93.0,
97.0,
99.0,
100.0,
104.0,
110.0,
121.0,
128.0,Class 6
143.0,
159.0,
179.0,
220.0,
251.0,
246.0,
212.0,
164.0,
119.0,
93.0,
74.0,
77.0,
91.0,Class 4
93.0,
90.0,
106.0,
132.0,
148.0,
176.0,
222.0,
256.0,
271.0,
276.0,
289.0,
300.0,
299.0,
299.0,Class 5
307.0,
319.0,
329.0,
327.0,
315.0,
308.0,
304.0,Class 6
300.0,
305.0,
314.0,
314.0,
305.0,
289.0,
260.0,
220.0,Class 5
183.0,
147.0,Class 1
132.0,
142.0,
157.0,
153.0,
157.0,
151.0,
123.0,
105.0,
107.0,
93.0,
73.0,
77.0,
87.0,
91.0,
93.0,
95.0,
96.0,
100.0,
103.0,
108.0,
117.0,
128.0,
139.0,
141.0,
142.0,
146.0,
151.0,
154.0,
159.0,
158.0,Class 5
156.0,
149.0,
143.0,
140.0,Class 4
132.0,
121.0,
116.0,
113.0,
109.0,
111.0,
111.0,
115.0,
120.0,
118.0,
121.0,
127.0,
139.0,
158.0,
194.0,
242.0,Class 6
288.0,
302.0,
271.0,
238.0,
212.0,
219.0,
215.0,
208.0,
208.0,
217.0,
215.0,
198.0,
185.0,Class 5
177.0,
171.0,
167.0,
162.0,
155.0,Class 1
149.0,
142.0,
137.0,
132.0,
127.0,
126.0,Class 5
129.0,
132.0,
139.0,
144.0,
145.0,Class 4
148.0,
147.0,
149.0,
158.0,
162.0,
161.0,Class 5
158.0,
159.0,
154.0,
147.0,
137.0,
130.0,
143.0,
184.0,Class 6
229.0,
256.0,
272.0,
277.0,
260.0,
223.0,
197.0,
195.0,Class 5
190.0,
75.0,Class 1
79.0,
82.0,
79.0,
76.0,
72.0,
69.0,
69.0,
71.0,
80.0,
86.0,
88.0,
85.0,
86.0,
89.0,
93.0,
97.0,
100.0,
102.0,
105.0,
104.0,Class 5
104.0,
108.0,
106.0,
104.0,Class 4
102.0,
99.0,
99.0,
103.0,
102.0,Class 5
94.0,
98.0,
104.0,
110.0,
125.0,
128.0,
147.0,Class 5
148.0,
154.0,
181.0,
226.0,
247.0,
235.0,
199.0,
183.0,Class 4
190.0,
181.0,
165.0,
155.0,
151.0,Class 5
150.0,
150.0,
151.0,
156.0,Class 6
165.0,
176.0,
184.0,
188.0,
194.0,
197.0,
199.0,
207.0,
212.0,
203.0,
185.0,Class 1
169.0,
159.0,
147.0,Class 4
136.0,
132.0,
128.0,
122.0,
140.0,
187.0,
222.0,Class 5
232.0,
246.0,
261.0,
268.0,
268.0,
266.0,Class 6
269.0,
290.0,
312.0,
322.0,
322.0,
309.0,
282.0,
245.0,Class 5
205.0,
172.0,
148.0,
130.0,
119.0,
113.0,
107.0,
98.0,
94.0,
93.0,Class 4
98.0,
105.0,
117.0,
128.0,
134.0,
138.0,
142.0,Class 5
150.0,
169.0,
192.0,
210.0,
223.0,
231.0,Class 6
235.0,
239.0,
244.0,
262.0,
256.0,
237.0,Class 5
217.0,
210.0,
204.0,
191.0,
184.0,
177.0,
169.0,
173.0,
178.0,
172.0,
169.0,
168.0,
168.0,
175.0,
179.0,
179.0,
171.0,
152.0,
151.0,
161.0,
172.0,
185.0,
203.0,
213.0,
217.0,
232.0,
254.0,
256.0,
239.0,
247.0,
244.0,
244.0,
255.0,Class 4
253.0,
235.0,
223.0,
220.0,
224.0,
245.0,Class 5
258.0,
261.0,Class 6
269.0,
288.0,
307.0,
316.0,Class 4
318.0,
327.0,
342.0,
358.0,
375.0,
365.0,
326.0,
265.0,
213.0,
190.0,
187.0,
188.0,
193.0,Class 5
212.0,
234.0,
254.0,
259.0,
256.0,
261.0,
271.0,Class 6
250.0,
258.0,
269.0,
270.0,
257.0,
240.0,
221.0,
203.0,Class 5
190.0,
180.0,
172.0,
161.0,Class 1
145.0,
135.0,
128.0,
122.0,
118.0,
107.0,
93.0,
85.0,
81.0,
80.0,
78.0,
78.0,
79.0,
76.0,
73.0,
74.0,
71.0,
69.0,
68.0,
67.0,
66.0,
66.0,
66.0,
68.0,
71.0,Class 5
73.0,
81.0,
101.0,
111.0,
122.0,
120.0,
117.0,
114.0,
102.0,Class 4
85.0,
72.0,
66.0,
64.0,
72.0,
102.0,
142.0,
171.0,
176.0,
173.0,
171.0,
178.0,
191.0,Class 5
203.0,
209.0,
216.0,
224.0,
227.0,
224.0,
227.0,
229.0,Class 6
226.0,
223.0,
221.0,
220.0,
216.0,
208.0,
201.0,
192.0,
180.0,Class 4
164.0,
146.0,
128.0,
114.0,
109.0,
103.0,
91.0,
72.0,
80.0,Class 5
129.0,
183.0,
214.0,
233.0,
249.0,Class 6
258.0,Class 6
273.0,
291.0,
308.0,
290.0,
280.0,
264.0,
238.0,
216.0,
205.0,
202.0,Class 5
196.0,
183.0,
177.0,
163.0,
159.0,
161.0,Class 1
151.0,
146.0,
141.0,
137.0,
139.0,
146.0,Class 5
156.0,
159.0,Class 1
155.0,
156.0,
157.0,
155.0,
157.0,
163.0,
168.0,
161.0,
160.0,
156.0,
150.0,Class 4
144.0,
136.0,
124.0,
115.0,
111.0,
109.0,Class 5
103.0,
102.0,
104.0,
100.0,
96.0,
113.0,
161.0,Class 6
221.0,
261.0,
301.0,
322.0,
311.0,
280.0,
244.0,
211.0,Class 5
181.0,
154.0,Class 1
135.0,
125.0,
128.0,
142.0,
151.0,
140.0,
121.0,
93.0,
72.0,
71.0,
101.0,
127.0,
135.0,
120.0,
103.0,
92.0,Class 5
96.0,
91.0,
67.0,
63.0,Class 4
76.0,
85.0,
91.0,Class 5
98.0,
92.0,
79.0,
78.0,
85.0,
91.0,
97.0,
105.0,
102.0,
111.0,Class 6
144.0,
181.0,
198.0,
199.0,Class 5
197.0,
189.0,
178.0,
126.0,Class 1
114.0,
105.0,
101.0,
103.0,
104.0,
100.0,
96.0,
96.0,
96.0,
97.0,
103.0,
112.0,Class 5
115.0,
119.0,
126.0,
132.0,
140.0,
150.0,Class 1
153.0,
148.0,
144.0,
148.0,
153.0,
160.0,
166.0,Class 5
163.0,
160.0,
156.0,Class 1
152.0,
151.0,
154.0,
143.0,
128.0,
122.0,Class 5
115.0,
109.0,Class 1
107.0,
100.0,Class 5
105.0,Class 1
115.0,Class 5
129.0,
158.0,
171.0,
163.0,Class 1
144.0,
134.0,
130.0,
123.0,
116.0,
113.0,Class 5
111.0,
112.0,
115.0,
116.0,
121.0,
122.0,
120.0,
114.0,
108.0,
106.0,
106.0,
106.0,
106.0,
108.0,
112.0,
128.0,
149.0,
166.0,
181.0,
185.0,
182.0,
192.0,
209.0,Class 4
223.0,
244.0,
250.0,
232.0,
222.0,
229.0,
240.0,
238.0,
210.0,
172.0,
168.0,
192.0,
216.0,
241.0,Class 6
267.0,
305.0,
335.0,
340.0,
325.0,
298.0,
270.0,
237.0,
233.0,
229.0,
231.0,
230.0,
222.0,Class 4
215.0,
212.0,
207.0,
208.0,
205.0,
202.0,
218.0,
236.0,
242.0,Class 5
237.0,
235.0,
236.0,
244.0,
261.0,
270.0,
279.0,Class 6
291.0,
290.0,
282.0,
272.0,
263.0,
250.0,
232.0,
222.0,
212.0,Class 4
187.0,
166.0,
149.0,
135.0,
124.0,
108.0,Class 5
84.0,
69.0,
61.0,Class 4
57.0,Class 6
60.0,
97.0,Class 4
155.0,
209.0,Class 6
253.0,
296.0,
319.0,
316.0,
288.0,
246.0,
209.0,
206.0,
208.0,
175.0,Class 4
165.0,
166.0,
178.0,Class 5
196.0,
218.0,
211.0,
185.0,
158.0,
138.0,
131.0,
131.0,
129.0,Class 6
133.0,
149.0,
173.0,
200.0,
217.0,
214.0,Class 5
198.0,
176.0,
159.0,Class 1
148.0,
137.0,
131.0,
131.0,
139.0,
146.0,
153.0,
151.0,
150.0,Class 5
158.0,
156.0,
132.0,
111.0,
93.0,
74.0,
78.0,
91.0,
104.0,
108.0,
102.0,
105.0,
115.0,Class 4
121.0,
125.0,
133.0,
149.0,
165.0,
170.0,
174.0,
187.0,
197.0,
207.0,
212.0,Class 5
213.0,
223.0,
237.0,
253.0,
258.0,
249.0,
248.0,
254.0,Class 6
261.0,
262.0,
255.0,
238.0,
228.0,
234.0,Class 5
228.0,
200.0,
176.0,
169.0,
173.0,
165.0,
147.0,Class 5
141.0,
138.0,
130.0,
126.0,
139.0,
155.0,
166.0,
171.0,
172.0,
171.0,
171.0,
175.0,
189.0,
212.0,
244.0,
254.0,
236.0,
193.0,
154.0,
164.0,
204.0,
215.0,
208.0,
216.0,
224.0,
221.0,
221.0,
244.0,
284.0,
320.0,
352.0,
381.0,Class 4
396.0,
389.0,
387.0,
387.0,
367.0,
333.0,
300.0,
270.0,
243.0,Class 5
215.0,
202.0,
229.0,
266.0,
297.0,
327.0,Class 6
355.0,
385.0,
411.0,
411.0,
384.0,
343.0,
305.0,
242.0,
183.0,
153.0,
213.0,Class 5
200.0,
175.0,
163.0,Class 1
161.0,
156.0,Class 5
145.0,
131.0,
122.0,
115.0,Class 1
116.0,
118.0,
116.0,
117.0,
120.0,
119.0,
115.0,
113.0,Class 5
116.0,
124.0,
134.0,
145.0,
157.0,
167.0,
171.0,Class 4
169.0,
162.0,
159.0,
159.0,Class 5
153.0,
147.0,
149.0,
152.0,
153.0,
168.0,
168.0,
169.0,Class 6
141.0,
143.0,
158.0,
181.0,
199.0,Class 5
201.0,
180.0,Class 1
165.0,Class 5
86.0,
63.0,
40.0,
40.0,
41.0,
55.0,
71.0,
76.0,Class 4
73.0,
71.0,
68.0,
67.0,
73.0,
81.0,
94.0,Class 5
113.0,
125.0,
146.0,Class 6
189.0,
229.0,
246.0,
251.0,Class 4
268.0,
301.0,
329.0,
323.0,
284.0,Class 5
247.0,
218.0,
194.0,
185.0,
180.0,
172.0,
168.0,
170.0,Class 6
177.0,
198.0,
224.0,
259.0,
272.0,
252.0,
225.0,
203.0,
183.0,
175.0,
178.0,Class 5
162.0,
141.0,
141.0,
139.0,Class 4
125.0,
125.0,Class 5
138.0,
142.0,
120.0,
106.0,
122.0,
146.0,
161.0,
170.0,
172.0,
162.0,Class 6
156.0,
155.0,
163.0,
177.0,
185.0,Class 5
176.0,
163.0,
155.0,
149.0,Class 1
143.0,
138.0,Class 5
132.0,Class 1
124.0,Class 5
118.0,
122.0,
125.0,Class 1
120.0,
111.0,
85.0,
72.0,
75.0,Class 5
116.0,
164.0,
159.0,
112.0,
86.0,
85.0,
82.0,
98.0,Class 5
116.0,
124.0,
133.0,
148.0,
148.0,
145.0,
155.0,
159.0,
158.0,
160.0,
167.0,
172.0,
181.0,
194.0,
197.0,
195.0,
194.0,
197.0,
205.0,Class 4
209.0,
211.0,
229.0,
253.0,
269.0,
261.0,
244.0,
240.0,
237.0,
231.0,
239.0,
250.0,
258.0,
270.0,
291.0,
318.0,
338.0,Class 6
350.0,
343.0,
331.0,
318.0,
322.0,
331.0,
286.0,
211.0,Class 5
160.0,Class 1
134.0,
113.0,
92.0,
77.0,
68.0,
61.0,
53.0,
41.0,
40.0,
40.0,
40.0,
40.0,
40.0,
40.0,
40.0,
40.0,
40.0,
40.0,
40.0,
40.0,
40.0,Class 5
47.0,
49.0,
49.0,
50.0,
48.0,
48.0,Class 4
49.0,
48.0,
49.0,
53.0,
63.0,
87.0,
106.0,
119.0,
125.0,
133.0,Class 5
143.0,
153.0,Class 6
185.0,
234.0,Class 4
264.0,
269.0,
260.0,
254.0,
270.0,
276.0,
264.0,
248.0,Class 6
230.0,
215.0,
200.0,
179.0,
168.0,
179.0,
198.0,
211.0,
203.0,Class 5
185.0,
184.0,
178.0,
151.0,Class 1
127.0,
107.0,
94.0,
80.0,
68.0,
61.0,
55.0,Class 5
43.0,
40.0,
80.0,
123.0,Class 4
114.0,
72.0,
57.0,
73.0,Class 5
85.0,
88.0,
88.0,
69.0,
62.0,
78.0,
116.0,
138.0,
147.0,Class 6
158.0,
175.0,
194.0,
214.0,
203.0,Class 5
198.0,
188.0,
177.0,
162.0,Class 1
157.0,
156.0,
145.0,
138.0,
131.0,
120.0,
113.0,
111.0,
109.0,
101.0,
93.0,
86.0,
79.0,
78.0,
83.0,
85.0,
81.0,
78.0,
80.0,
87.0,Class 5
89.0,
86.0,
87.0,
86.0,
83.0,Class 4
80.0,
77.0,
78.0,
75.0,
73.0,
78.0,Class 5
78.0,
83.0,
95.0,
91.0,
92.0,
96.0,
124.0,Class 6
181.0,
228.0,
261.0,
285.0,
289.0,
275.0,
247.0,Class 5
205.0,
162.0,
143.0,Class 4
140.0,
135.0,
128.0,
118.0,Class 5
107.0,
97.0,
89.0,
79.0,
70.0,Class 4
72.0,
66.0,
52.0,Class 5
47.0,
89.0,
144.0,
179.0,
198.0,Class 6
174.0,
142.0,
137.0,
164.0,Class 4
175.0,
188.0,
182.0,Class 5
194.0,
212.0,
185.0,
140.0,
108.0,
80.0,
77.0,
95.0,
114.0,Class 6
123.0,
121.0,
136.0,
168.0,
200.0,Class 5
200.0,
175.0,Class 1
140.0,
105.0,Class 5
81.0,
72.0,
63.0,
59.0,
60.0,Class 4
61.0,
61.0,
67.0,Class 5
81.0,
94.0,
102.0,
106.0,
113.0,
125.0,
133.0,
139.0,
139.0,Class 6
148.0,
170.0,
181.0,
198.0,
207.0,
194.0,
178.0,
166.0,Class 5
164.0,
166.0,
156.0,
152.0,
157.0,
158.0,
157.0,
153.0,
162.0,Class 4
161.0,
142.0,
131.0,
119.0,
103.0,
100.0,
111.0,
114.0,
130.0,
147.0,
179.0,
225.0,
268.0,
299.0,
314.0,
340.0,
363.0,
358.0,
361.0,
366.0,Class 6
348.0,
321.0,
300.0,
291.0,
282.0,
278.0,
267.0,
253.0,
240.0,
228.0,
211.0,Class 4
191.0,
177.0,
169.0,
167.0,Class 5
168.0,
165.0,
160.0,
166.0,
162.0,
152.0,Class 4
144.0,
150.0,Class 6
184.0,
217.0,
228.0,Class 5
239.0,Class 6
251.0,
253.0,Class 5
214.0,
156.0,
125.0,
125.0,
127.0,Class 6
148.0,
174.0,
178.0,
179.0,
194.0,Class 5
195.0,
175.0,
148.0,Class 1
117.0,
102.0,
95.0,
89.0,
85.0,
82.0,
79.0,Class 5
78.0,
82.0,
88.0,
92.0,
95.0,
99.0,
101.0,
109.0,
123.0,
134.0,
139.0,
141.0,
151.0,
162.0,
159.0,
158.0,
164.0,
166.0,
167.0,
167.0,
171.0,
166.0,
159.0,
161.0,
158.0,
154.0,
152.0,
150.0,
153.0,
150.0,Class 1
162.0,
140.0,
116.0,
113.0,Class 5
115.0,
118.0,
117.0,
107.0,
98.0,Class 4
92.0,
91.0,
99.0,
105.0,
105.0,
108.0,
113.0,
117.0,
119.0,
120.0,
117.0,
124.0,
153.0,
184.0,
220.0,
270.0,
287.0,
275.0,
272.0,Class 6
279.0,
299.0,
286.0,
255.0,
246.0,
247.0,
225.0,
217.0,
221.0,
214.0,
203.0,Class 5
193.0,
178.0,
154.0,Class 1
128.0,
117.0,
121.0,
102.0,
78.0,
66.0,
61.0,
58.0,
66.0,
77.0,Class 5
71.0,
60.0,
59.0,
62.0,
67.0,
82.0,
93.0,
96.0,
106.0,
115.0,
117.0,
126.0,
140.0,
144.0,
147.0,
150.0,Class 4
159.0,
167.0,
169.0,
173.0,
180.0,
188.0,
192.0,Class 5
187.0,
187.0,
188.0,
187.0,
188.0,
189.0,
190.0,
191.0,
196.0,Class 6
205.0,
205.0,
195.0,
192.0,
192.0,
193.0,
195.0,Class 5
188.0,
176.0,
172.0,
163.0,Class 1
131.0,
122.0,
124.0,
127.0,
117.0,
84.0,
70.0,
66.0,
63.0,
66.0,
71.0,
76.0,
80.0,
83.0,
104.0,Class 5
129.0,
137.0,
128.0,
115.0,
128.0,
138.0,
120.0,
92.0,
68.0,Class 4
67.0,
111.0,
130.0,
112.0,
80.0,
72.0,
85.0,
116.0,
151.0,Class 5
185.0,
196.0,
199.0,
230.0,
276.0,Class 6
318.0,
352.0,
374.0,
382.0,
382.0,
363.0,
320.0,
268.0,
236.0,
225.0,
222.0,
211.0,Class 5
190.0,
178.0,
168.0,
150.0,Class 1
131.0,
115.0,
106.0,
94.0,
84.0,
78.0,
65.0,
52.0,
44.0,
65.0,
91.0,
91.0,
91.0,
94.0,
93.0,
91.0,
94.0,
96.0,
96.0,
95.0,
95.0,
93.0,
96.0,
100.0,
97.0,
96.0,
102.0,
106.0,
108.0,
112.0,
119.0,Class 5
120.0,
118.0,
117.0,Class 4
117.0,
113.0,
105.0,
102.0,Class 5
103.0,
106.0,
105.0,
102.0,Class 5
102.0,
99.0,
100.0,
108.0,Class 6
122.0,
119.0,
141.0,
175.0,
210.0,Class 5
211.0,
171.0,
147.0,Class 1
150.0,
139.0,
127.0,
128.0,
131.0,
132.0,Class 5
134.0,
138.0,
138.0,
133.0,
135.0,Class 4
147.0,
153.0,
135.0,
88.0,
62.0,
51.0,
50.0,
69.0,
101.0,
125.0,
135.0,
147.0,
165.0,
183.0,
210.0,Class 5
245.0,
252.0,
255.0,
258.0,
251.0,Class 6
241.0,
234.0,
229.0,
234.0,
227.0,
194.0,
170.0,
179.0,
192.0,
202.0,
191.0,Class 5
198.0,
188.0,
134.0,Class 1
105.0,
101.0,
86.0,
79.0,
79.0,
81.0,
87.0,
92.0,
99.0,
110.0,
117.0,
114.0,
113.0,
122.0,
130.0,
133.0,
137.0,
141.0,
149.0,
154.0,
161.0,Class 5
166.0,
165.0,
166.0,
167.0,Class 1
166.0,
161.0,
158.0,
156.0,Class 4
155.0,
161.0,
161.0,
154.0,Class 5
150.0,
139.0,
125.0,
106.0,
88.0,
75.0,
74.0,
82.0,Class 6
87.0,
103.0,
120.0,
159.0,
214.0,
210.0,
173.0,
156.0,Class 4
152.0,
148.0,
146.0,
148.0,
155.0,
164.0,
151.0,Class 5
117.0,
72.0,
68.0,
123.0,
154.0,Class 6
172.0,
229.0,
312.0,
345.0,
366.0,
334.0,
298.0,Class 5
258.0,
226.0,
206.0,
198.0,
190.0,
181.0,Class 4
158.0,
135.0,Class 5
121.0,
107.0,
111.0,
147.0,
193.0,
210.0,
186.0,
148.0,Class 6
119.0,
135.0,
172.0,
195.0,
201.0,Class 5
191.0,
180.0,
171.0,
151.0,Class 1
124.0,
115.0,
125.0,
128.0,
125.0,
113.0,
103.0,
94.0,
85.0,
88.0,
84.0,
84.0,
73.0,
62.0,
61.0,
62.0,
68.0,
86.0,
93.0,
88.0,
88.0,Class 5
97.0,Class 5
108.0,
118.0,
125.0,
127.0,
134.0,
146.0,
155.0,
161.0,
164.0,
162.0,
161.0,Class 1
160.0,
153.0,
140.0,
129.0,
121.0,
110.0,
98.0,
90.0,
80.0,
69.0,
63.0,
59.0,Class 5
56.0,
51.0,
50.0,Class 4
62.0,
105.0,
139.0,
125.0,Class 5
94.0,
74.0,
66.0,
64.0,
67.0,
66.0,
57.0,
56.0,Class 4
96.0,
142.0,Class 5
165.0,
182.0,
205.0,
211.0,
191.0,
176.0,
166.0,
160.0,
162.0,
152.0,Class 6
131.0,Class 5
111.0,
120.0,
160.0,
188.0,
173.0,
141.0,Class 1
93.0,
67.0,
62.0,
67.0,
67.0,
53.0,
51.0,
71.0,
89.0,
106.0,
109.0,
95.0,
88.0,
82.0,
80.0,
84.0,
84.0,
92.0,
111.0,
129.0,
132.0,
133.0,
136.0,
138.0,
143.0,
145.0,
141.0,
135.0,
129.0,
125.0,
115.0,
115.0,
122.0,
132.0,
134.0,
131.0,
133.0,
137.0,
136.0,
130.0,
134.0,
134.0,Class 5
128.0,
131.0,
133.0,Class 1
129.0,
124.0,
125.0,
112.0,
112.0,
115.0,Class 5
121.0,
132.0,
136.0,
130.0,
109.0,Class 4
107.0,
115.0,
146.0,
175.0,
161.0,Class 5
118.0,
80.0,
68.0,
61.0,
52.0,
47.0,
75.0,
132.0,
155.0,
167.0,
194.0,
224.0,
227.0,
199.0,
166.0,
155.0,
170.0,
176.0,Class 4
180.0,
180.0,
174.0,
173.0,
181.0,
192.0,
203.0,
210.0,
218.0,
228.0,
235.0,
242.0,
247.0,
261.0,
302.0,
354.0,
394.0,
383.0,Class 6
363.0,
345.0,
335.0,
323.0,
301.0,
276.0,
254.0,
242.0,
221.0,
209.0,
217.0,
215.0,Class 5
187.0,
155.0,Class 1
123.0,
91.0,
72.0,
62.0,
57.0,
52.0,
49.0,
44.0,
41.0,
43.0,
47.0,
49.0,
51.0,Class 5
53.0,
54.0,
58.0,
62.0,
77.0,
99.0,
114.0,
126.0,
135.0,
135.0,
139.0,
149.0,
158.0,
164.0,
171.0,
174.0,
167.0,
166.0,
170.0,
171.0,
164.0,
156.0,
159.0,Class 4
159.0,
138.0,
126.0,
101.0,
83.0,Class 5
81.0,
78.0,
76.0,
83.0,
94.0,
99.0,
106.0,
135.0,Class 6
189.0,
237.0,
268.0,
284.0,
278.0,
252.0,
223.0,
209.0,Class 5
186.0,
127.0,
79.0,
73.0,Class 4
91.0,
118.0,Class 5
139.0,
148.0,
146.0,
141.0,
141.0,
145.0,
160.0,
156.0,
126.0,
99.0,Class 6
114.0,
161.0,
178.0,Class 5
180.0,
195.0,
183.0,Class 1
151.0,Class 5
120.0,
99.0,
83.0,
71.0,Class 4
62.0,
70.0,
109.0,
104.0,Class 5
91.0,
83.0,
72.0,
64.0,
61.0,Class 4
57.0,
54.0,Class 5
71.0,
100.0,
136.0,
170.0,
190.0,
190.0,
185.0,
183.0,
181.0,Class 6
181.0,
182.0,
175.0,
168.0,Class 5
168.0,
176.0,
183.0,
180.0,
169.0,
158.0,Class 1
153.0,
156.0,Class 5
158.0,
158.0,
151.0,Class 1
142.0,
142.0,Class 5
141.0,
133.0,
128.0,
123.0,
119.0,
113.0,Class 1
113.0,
112.0,
99.0,Class 5
106.0,
131.0,Class 4
162.0,Class 5
166.0,
148.0,Class 1
145.0,Class 5
132.0,
111.0,
113.0,
132.0,
142.0,
143.0,
136.0,
130.0,
134.0,Class 4
138.0,
147.0,
161.0,
181.0,
171.0,
138.0,Class 5
110.0,
95.0,
83.0,
70.0,
79.0,Class 6
125.0,
174.0,
207.0,
230.0,
253.0,
272.0,
278.0,
266.0,
235.0,
206.0,
194.0,Class 5
177.0,
130.0,Class 4
93.0,
82.0,
93.0,Class 5
144.0,
192.0,
176.0,
143.0,
117.0,
87.0,
89.0,
105.0,
104.0,Class 6
89.0,
75.0,Class 5
75.0,
131.0,
184.0,
196.0,
150.0,
117.0,
92.0,
73.0,
56.0,
40.0,
40.0,
40.0,
52.0,Class 4
115.0,
159.0,
169.0,
168.0,
171.0,
174.0,
177.0,
190.0,
205.0,Class 5
221.0,
233.0,
234.0,
235.0,
247.0,
261.0,
266.0,Class 6
257.0,
256.0,
268.0,
262.0,
252.0,
243.0,
222.0,
198.0,
178.0,
166.0,Class 5
149.0,
130.0,
121.0,
116.0,
102.0,
90.0,
79.0,Class 4
69.0,
62.0,
59.0,
69.0,
74.0,
92.0,Class 5
115.0,
143.0,
163.0,
170.0,
169.0,
173.0,Class 4
183.0,
201.0,
208.0,
225.0,Class 5
242.0,
238.0,
224.0,
208.0,
187.0,Class 6
183.0,
179.0,
171.0,
169.0,
180.0,Class 4
197.0,
214.0,
233.0,
226.0,
198.0,
185.0,Class 5
184.0,
169.0,
149.0,
135.0,
124.0,
132.0,
165.0,
200.0,Class 6
214.0,
214.0,
216.0,
237.0,
252.0,Class 5
241.0,
207.0,Class 4
164.0,
137.0,Class 5
143.0,
146.0,
135.0,
106.0,
92.0,
99.0,Class 4
119.0,
131.0,Class 5
140.0,
147.0,
147.0,
154.0,
171.0,
180.0,
181.0,
178.0,
174.0,
171.0,Class 6
168.0,
172.0,
175.0,Class 5
177.0,
191.0,
179.0,
166.0,
157.0,Class 1
145.0,
136.0,
129.0,
120.0,
113.0,
108.0,
105.0,
104.0,
101.0,
96.0,
96.0,
92.0,
86.0,
89.0,
97.0,
94.0,
93.0,
95.0,
100.0,Class 5
98.0,
98.0,
117.0,
120.0,
120.0,
104.0,
94.0,
101.0,
102.0,
81.0,
70.0,
68.0,
69.0,
82.0,
110.0,
139.0,Class 4
152.0,
151.0,
196.0,
231.0,
235.0,
245.0,
277.0,Class 5
292.0,
303.0,
314.0,
331.0,
328.0,
335.0,Class 6
356.0,
376.0,
398.0,
426.0,
446.0,
425.0,
373.0,
318.0,
263.0,
221.0,Class 5
194.0,
168.0,
137.0,Class 1
98.0,
77.0,
78.0,
83.0,
101.0,
115.0,
116.0,Class 5
108.0,
101.0,
85.0,
73.0,
79.0,Class 4
86.0,
90.0,
88.0,Class 5
82.0,
79.0,
87.0,
109.0,
133.0,
144.0,
144.0,
138.0,
146.0,Class 6
165.0,
176.0,
179.0,
189.0,
195.0,Class 5
193.0,
180.0,
159.0,Class 1
142.0,
144.0,
144.0,
126.0,
118.0,
120.0,Class 5
110.0,
105.0,
103.0,Class 1
77.0,
69.0,
89.0,
112.0,
100.0,
79.0,
82.0,Class 5
97.0,
102.0,Class 1
114.0,Class 5
106.0,Class 1
76.0,Class 5
76.0,
134.0,
165.0,
169.0,
156.0,Class 1
140.0,
123.0,
99.0,
100.0,
125.0,
142.0,
126.0,
95.0,
76.0,
94.0,
141.0,
156.0,
146.0,
147.0,
150.0,
126.0,
89.0,
65.0,
58.0,
86.0,
106.0,
110.0,
138.0,
147.0,
137.0,
135.0,
138.0,
130.0,Class 5
101.0,
103.0,
124.0,
114.0,Class 4
92.0,
91.0,Class 5
93.0,
84.0,
93.0,
110.0,
120.0,
121.0,
119.0,
122.0,
124.0,
124.0,Class 6
129.0,
147.0,
170.0,Class 5
180.0,
191.0,
179.0,
152.0,Class 1
137.0,
139.0,
132.0,
124.0,
122.0,
116.0,
114.0,
117.0,
104.0,
91.0,
96.0,
103.0,
108.0,
115.0,
112.0,
106.0,
107.0,
109.0,
110.0,
113.0,
118.0,Class 5
122.0,
123.0,
125.0,
116.0,
106.0,Class 4
113.0,
118.0,
118.0,
111.0,
102.0,
105.0,
120.0,
131.0,
153.0,
157.0,
154.0,
146.0,Class 5
155.0,
177.0,
215.0,
259.0,
280.0,
263.0,Class 6
253.0,
260.0,
280.0,
268.0,Class 4
288.0,
294.0,Class 5
270.0,
240.0,
204.0,
169.0,
142.0,
118.0,
108.0,
107.0,Class 4
98.0,
82.0,
89.0,
113.0,
145.0,
188.0,
202.0,
192.0,
186.0,
170.0,
171.0,
172.0,Class 5
154.0,
152.0,
172.0,
229.0,
261.0,
249.0,
232.0,Class 6
233.0,
229.0,
243.0,
244.0,
236.0,
234.0,
218.0,Class 5
185.0,
169.0,
167.0,
158.0,
136.0,
128.0,
144.0,
162.0,
162.0,Class 1
146.0,
149.0,
149.0,
143.0,
136.0,
129.0,
120.0,
108.0,
97.0,
94.0,
97.0,
103.0,
102.0,
97.0,
93.0,
85.0,
76.0,
72.0,
74.0,
86.0,
97.0,Class 5
91.0,
84.0,
84.0,
87.0,Class 4
89.0,
88.0,
88.0,
90.0,
90.0,
87.0,
84.0,
87.0,
100.0,
111.0,
111.0,
96.0,
92.0,
128.0,Class 5
191.0,
240.0,
264.0,
258.0,
251.0,Class 6
245.0,
232.0,
209.0,
192.0,
183.0,
196.0,
222.0,
232.0,
217.0,
172.0,
111.0,
76.0,
79.0,
88.0,
87.0,
84.0,
78.0,
64.0,
57.0,
53.0,
77.0,
118.0,
156.0,Class 4
180.0,
200.0,
223.0,
235.0,
237.0,
238.0,
243.0,
230.0,
193.0,
157.0,
151.0,Class 5
163.0,
180.0,
202.0,
224.0,
242.0,
255.0,
259.0,Class 6
254.0,
248.0,
274.0,
276.0,
269.0,
255.0,
232.0,
208.0,Class 5
188.0,
162.0,Class 1
131.0,
132.0,
130.0,
123.0,
110.0,
97.0,
98.0,
107.0,
113.0,
112.0,
110.0,
112.0,
121.0,
132.0,
128.0,
121.0,
115.0,
116.0,
126.0,
138.0,
144.0,
143.0,
134.0,
126.0,
133.0,
143.0,
143.0,
134.0,
128.0,Class 5
121.0,
116.0,
114.0,
115.0,
120.0,
124.0,Class 4
116.0,
121.0,
133.0,
152.0,
153.0,
141.0,
134.0,
118.0,
110.0,
114.0,
130.0,
164.0,Class 5
196.0,
213.0,
231.0,
262.0,
290.0,Class 6
294.0,
290.0,
291.0,
284.0,
276.0,
265.0,
250.0,
243.0,
227.0,
207.0,
196.0,
182.0,Class 4
164.0,
157.0,
154.0,
156.0,
145.0,
106.0,
113.0,
113.0,
88.0,
94.0,
145.0,
182.0,
193.0,
209.0,
255.0,
291.0,
302.0,Class 6
299.0,
294.0,
276.0,
255.0,
249.0,
248.0,
254.0,
252.0,Class 5
212.0,
155.0,Class 1
123.0,
124.0,
118.0,
103.0,
81.0,
68.0,Class 5
63.0,
63.0,Class 4
65.0,Class 5
70.0,
75.0,
75.0,
67.0,
62.0,
68.0,
74.0,
74.0,
74.0,
92.0,
131.0,Class 6
164.0,Class 5
172.0,Class 6
176.0,
173.0,
162.0,Class 5
168.0,
180.0,
174.0,
159.0,Class 1
149.0,
140.0,
135.0,
134.0,
128.0,
114.0,
105.0,
103.0,
104.0,
100.0,
94.0,
95.0,
111.0,
122.0,
119.0,
121.0,
99.0,
67.0,
61.0,
90.0,
101.0,
99.0,
96.0,
88.0,
80.0,
80.0,
96.0,
115.0,
122.0,
117.0,
108.0,Class 5
92.0,
73.0,
56.0,
49.0,
95.0,
132.0,
136.0,Class 4
121.0,
111.0,
114.0,
106.0,
95.0,
81.0,
66.0,Class 5
57.0,
55.0,
94.0,
151.0,
193.0,
224.0,Class 6
243.0,
261.0,
277.0,
286.0,
303.0,
307.0,
265.0,
217.0,
205.0,
203.0,
185.0,
168.0,
158.0,
172.0,
194.0,Class 5
196.0,
187.0,
175.0,
167.0,
140.0,Class 1
111.0,
97.0,
92.0,
86.0,
83.0,
85.0,
89.0,
92.0,
93.0,
94.0,
97.0,
102.0,
105.0,
106.0,
108.0,
112.0,
118.0,
121.0,
122.0,
130.0,Class 5
144.0,
153.0,
159.0,
163.0,Class 4
159.0,
154.0,
152.0,
152.0,Class 5
149.0,
140.0,
128.0,
117.0,
109.0,
107.0,
105.0,
117.0,Class 6
126.0,
153.0,Class 4
188.0,
214.0,
227.0,
215.0,
197.0,
177.0,
156.0,Class 5
133.0,
130.0,
140.0,
141.0,Class 4
139.0,
136.0,
126.0,
115.0,Class 5
122.0,
175.0,
221.0,
148.0,
93.0,
93.0,
101.0,
113.0,Class 6
148.0,
177.0,
190.0,
199.0,
206.0,
203.0,
201.0,
200.0,
196.0,
186.0,
179.0,
174.0,
162.0,
145.0,
135.0,Class 4
132.0,
126.0,
122.0,
150.0,
200.0,
243.0,
275.0,
274.0,
259.0,
265.0,
276.0,
289.0,
322.0,
348.0,
373.0,
401.0,
422.0,
429.0,
423.0,
436.0,Class 6
431.0,
416.0,
400.0,
388.0,
379.0,
370.0,
346.0,
308.0,
268.0,
223.0,Class 5
189.0,
161.0,Class 1
133.0,
116.0,
108.0,
100.0,
95.0,
88.0,
83.0,
86.0,
90.0,
91.0,
87.0,
83.0,
81.0,
77.0,
76.0,Class 5
81.0,
90.0,
90.0,
89.0,Class 4
90.0,
88.0,
90.0,
99.0,
105.0,
101.0,
93.0,
89.0,
91.0,
101.0,
117.0,
126.0,
133.0,
151.0,
196.0,
230.0,
245.0,Class 6
246.0,
238.0,
210.0,
184.0,
187.0,
186.0,
185.0,
197.0,
203.0,
190.0,Class 5
179.0,
174.0,Class 1
166.0,
158.0,Class 5
149.0,
140.0,
134.0,
131.0,
128.0,
123.0,
118.0,
115.0,
115.0,
126.0,
156.0,
170.0,
165.0,
150.0,Class 4
136.0,
128.0,
120.0,
115.0,
130.0,
179.0,
229.0,
265.0,Class 5
279.0,
275.0,
272.0,
289.0,
299.0,
299.0,
307.0,Class 6
322.0,
327.0,
316.0,
307.0,
295.0,
273.0,
256.0,
235.0,Class 5
200.0,
171.0,
160.0,Class 1
158.0,
153.0,
145.0,
138.0,
136.0,
141.0,
140.0,
132.0,
126.0,
123.0,
121.0,Class 5
121.0,
128.0,Class 4
141.0,Class 5
149.0,
146.0,
143.0,
147.0,
151.0,Class 5
155.0,
153.0,
143.0,
139.0,
140.0,
140.0,
145.0,
147.0,
151.0,
166.0,
184.0,Class 4
179.0,
152.0,
140.0,
125.0,Class 5
131.0,
179.0,
224.0,
241.0,
234.0,
221.0,Class 6
206.0,
193.0,
178.0,
182.0,
216.0,
248.0,Class 4
254.0,
238.0,
212.0,
171.0,
121.0,
88.0,
72.0,
63.0,
73.0,
109.0,
134.0,
162.0,
192.0,
223.0,
253.0,
287.0,
309.0,
316.0,
299.0,Class 5
278.0,
264.0,
240.0,
206.0,
182.0,
184.0,
194.0,
203.0,Class 6
220.0,
247.0,
274.0,
301.0,
288.0,
265.0,
246.0,
224.0,Class 5
193.0,
159.0,Class 1
126.0,
96.0,
77.0,
69.0,
63.0,
59.0,
68.0,
105.0,Class 5
145.0,
143.0,
120.0,
109.0,
108.0,Class 4
112.0,
123.0,
132.0,
129.0,
124.0,Class 5
133.0,
141.0,
142.0,
144.0,
144.0,
151.0,
155.0,
157.0,Class 6
172.0,
190.0,
203.0,
208.0,
205.0,
202.0,
193.0,
182.0,
177.0,
167.0,
154.0,
150.0,
147.0,Class 5
141.0,
138.0,
143.0,
144.0,
152.0,
175.0,
165.0,
156.0,Class 1
134.0,
116.0,
106.0,
112.0,
138.0,
151.0,
149.0,
136.0,
116.0,
119.0,Class 5
140.0,
151.0,
137.0,
116.0,
105.0,
99.0,Class 4
88.0,
72.0,
74.0,
98.0,
112.0,
112.0,
111.0,
111.0,
112.0,
117.0,
128.0,
146.0,Class 5
168.0,
188.0,
194.0,
211.0,Class 6
240.0,
234.0,
224.0,
209.0,
188.0,
184.0,
198.0,
212.0,
222.0,
219.0,
204.0,
166.0,Class 5
113.0,Class 6
73.0,Class 5
59.0,
89.0,
157.0,
187.0,
167.0,Class 1
120.0,
113.0,
121.0,
113.0,
107.0,
102.0,
95.0,
90.0,
88.0,
92.0,
101.0,
113.0,
117.0,
118.0,
120.0,
129.0,
137.0,
130.0,
123.0,
121.0,Class 5
123.0,
123.0,
123.0,
125.0,
126.0,
130.0,
141.0,
154.0,
155.0,
147.0,
148.0,
153.0,
156.0,
161.0,
170.0,
171.0,
171.0,
172.0,
168.0,
144.0,Class 4
134.0,
122.0,
97.0,
92.0,
112.0,
124.0,
120.0,
115.0,
114.0,
119.0,
131.0,
147.0,
172.0,
202.0,
217.0,
223.0,
241.0,Class 5
240.0,
211.0,
197.0,
231.0,
259.0,
253.0,
239.0,
224.0,
224.0,
235.0,Class 6
227.0,
211.0,
215.0,
214.0,
207.0,
191.0,
170.0,
166.0,
172.0,
179.0,Class 5
184.0,
192.0,
183.0,
147.0,Class 1
117.0,
104.0,
92.0,
81.0,
90.0,
115.0,Class 5
129.0,
126.0,
118.0,
101.0,
83.0,
64.0,Class 4
58.0,
71.0,
78.0,
79.0,
83.0,
98.0,Class 5
116.0,
124.0,
129.0,
139.0,
152.0,
163.0,
172.0,Class 6
186.0,
204.0,
212.0,
216.0,
226.0,
219.0,
202.0,
190.0,
183.0,
182.0,
177.0,
167.0,Class 5
159.0,
161.0,Class 1
163.0,
160.0,
159.0,
165.0,
168.0,
159.0,Class 4
142.0,
113.0,
88.0,
75.0,
63.0,
54.0,
69.0,
98.0,
84.0,
77.0,
82.0,
89.0,
113.0,
160.0,
211.0,
246.0,
272.0,Class 6
283.0,
253.0,
220.0,
177.0,
161.0,
197.0,
233.0,
235.0,
215.0,
184.0,Class 5
149.0,
128.0,Class 1
106.0,
75.0,Class 5
63.0,
71.0,
122.0,
159.0,Class 4
171.0,
163.0,
159.0,
155.0,Class 5
155.0,
152.0,
137.0,
128.0,
112.0,
80.0,Class 4
83.0,
115.0,
135.0,
150.0,Class 5
189.0,
230.0,Class 6
249.0,Class 5
227.0,
189.0,
166.0,
154.0,
117.0,
95.0,Class 6
112.0,
143.0,
174.0,
196.0,Class 5
202.0,
183.0,
154.0,Class 1
137.0,
114.0,
93.0,
82.0,
72.0,
68.0,
67.0,
66.0,
66.0,
66.0,
62.0,
69.0,
83.0,
91.0,
89.0,
86.0,
86.0,
92.0,
101.0,
101.0,
98.0,
104.0,
109.0,
104.0,
95.0,
89.0,
86.0,
88.0,
89.0,
86.0,
79.0,
73.0,
72.0,
74.0,
69.0,Class 5
69.0,
77.0,
92.0,
124.0,
130.0,
133.0,
128.0,
122.0,Class 4
139.0,
157.0,
157.0,
145.0,
134.0,
125.0,
110.0,
94.0,Class 5
108.0,
152.0,
189.0,
205.0,
214.0,
233.0,
245.0,Class 6
250.0,
254.0,
264.0,
266.0,
254.0,
235.0,Class 5
211.0,
193.0,
178.0,
163.0,
153.0,
148.0,
139.0,
129.0,
123.0,
110.0,Class 4
99.0,
111.0,
114.0,
92.0,
73.0,
73.0,
115.0,
166.0,Class 5
188.0,
194.0,
214.0,
242.0,
264.0,
279.0,Class 6
314.0,
343.0,
356.0,
352.0,
342.0,
322.0,
292.0,
261.0,
226.0,Class 5
183.0,
163.0,Class 1
156.0,
148.0,
136.0,
129.0,
129.0,
125.0,
119.0,
116.0,
112.0,
111.0,
118.0,
118.0,
116.0,
116.0,
116.0,
118.0,
118.0,
112.0,
106.0,Class 5
107.0,
112.0,
118.0,
124.0,
120.0,
118.0,
117.0,Class 5
114.0,
110.0,Class 4
108.0,
104.0,
98.0,
95.0,Class 5
95.0,
97.0,
99.0,
99.0,
99.0,
105.0,
113.0,
117.0,Class 6
107.0,
99.0,
114.0,
159.0,
196.0,
201.0,
188.0,
176.0,
164.0,Class 4
148.0,
128.0,
112.0,
93.0,
74.0,
68.0,
66.0,
63.0,
75.0,
118.0,
173.0,
219.0,
253.0,
293.0,Class 5
333.0,
379.0,
410.0,
411.0,
409.0,
415.0,
401.0,Class 6
393.0,
385.0,
374.0,
362.0,
350.0,
330.0,
302.0,
272.0,
229.0,Class 5
167.0,Class 1
105.0,
68.0,
53.0,
62.0,
90.0,
92.0,
84.0,
81.0,
74.0,
62.0,
59.0,
91.0,
136.0,
123.0,
102.0,
85.0,
85.0,
84.0,
84.0,
87.0,
90.0,
97.0,
103.0,
107.0,
109.0,
111.0,
109.0,
109.0,
111.0,
112.0,
117.0,
124.0,
125.0,
123.0,
121.0,
113.0,
110.0,
114.0,Class 4
117.0,
118.0,
118.0,
111.0,
103.0,Class 5
99.0,
97.0,
94.0,
90.0,
85.0,
81.0,
89.0,
91.0,
101.0,Class 6
119.0,
167.0,
199.0,
205.0,
191.0,Class 5
183.0,
185.0,
179.0,
172.0,
170.0,
156.0,Class 1
125.0,
96.0,
84.0,
89.0,
90.0,Class 5
84.0,
77.0,
140.0,Class 4
138.0,
124.0,
111.0,Class 5
115.0,
121.0,
114.0,
107.0,
102.0,
94.0,
81.0,
71.0,
70.0,Class 6
67.0,
79.0,
123.0,Class 5
173.0,
199.0,
187.0,
151.0,
109.0,
78.0,Class 4
65.0,
63.0,
70.0,
78.0,
82.0,Class 5
90.0,
102.0,
118.0,
135.0,
149.0,
162.0,
177.0,Class 6
191.0,
214.0,
222.0,
233.0,
249.0,
243.0,Class 5
221.0,Class 4
199.0,
163.0,Class 5
156.0,
163.0,Class 4
159.0,
154.0,
150.0,
149.0,Class 4
148.0,
142.0,
135.0,Class 5
132.0,
146.0,
161.0,
174.0,
180.0,
180.0,
182.0,
180.0,
172.0,Class 6
168.0,
172.0,
187.0,
193.0,Class 5
187.0,
186.0,
181.0,
169.0,Class 1
156.0,
147.0,Class 5
135.0,
117.0,Class 4
108.0,Class 5
107.0,Class 4
102.0,Class 1
98.0,
97.0,
101.0,
102.0,
99.0,
107.0,
125.0,Class 5
129.0,
95.0,Class 6
77.0,Class 5
85.0,
112.0,
153.0,
188.0,Class 4
183.0,
155.0,
123.0,
83.0,
74.0,
85.0,
93.0,Class 5
88.0,
82.0,
81.0,
90.0,
95.0,
109.0,Class 6
139.0,
193.0,
242.0,
274.0,
273.0,
259.0,
240.0,
220.0,
206.0,Class 5
187.0,
176.0,
163.0,Class 1
128.0,
112.0,
107.0,
103.0,
115.0,
117.0,
114.0,
117.0,
121.0,
122.0,
130.0,
130.0,
124.0,
123.0,
123.0,
120.0,
118.0,
115.0,
112.0,
106.0,
98.0,
99.0,
105.0,
110.0,
112.0,
106.0,Class 5
99.0,
103.0,
115.0,
126.0,
135.0,
139.0,Class 1
138.0,
142.0,
154.0,
156.0,
153.0,
161.0,
166.0,Class 5
161.0,
159.0,
159.0,
159.0,Class 4
152.0,
139.0,
131.0,
130.0,Class 5
130.0,
131.0,
128.0,
132.0,
132.0,Class 4
121.0,
113.0,Class 5
113.0,
118.0,
137.0,
173.0,
206.0,Class 6
208.0,
204.0,
182.0,
149.0,
134.0,
152.0,
178.0,Class 5
183.0,
179.0,
183.0,
174.0,
161.0,
141.0,
123.0,
113.0,
102.0,
97.0,
91.0,
81.0,
72.0,
70.0,
80.0,
107.0,Class 4
130.0,
136.0,
135.0,
134.0,
142.0,
168.0,Class 5
180.0,
180.0,
192.0,
192.0,
189.0,
194.0,
193.0,Class 6
214.0,
239.0,
253.0,
265.0,
271.0,
239.0,
215.0,
190.0,
141.0,
141.0,
181.0,Class 5
199.0,
175.0,
160.0,Class 1
153.0,
154.0,
152.0,
144.0,
133.0,
124.0,
117.0,
115.0,
115.0,
112.0,
112.0,
109.0,
106.0,
104.0,Class 4
102.0,
99.0,
97.0,
93.0,
86.0,
83.0,
94.0,
100.0,
97.0,
93.0,
88.0,
83.0,
85.0,
89.0,
88.0,
81.0,
84.0,
94.0,
107.0,Class 4
120.0,
118.0,
120.0,
122.0,
125.0,
130.0,
130.0,Class 5
128.0,
133.0,
151.0,
202.0,
235.0,
248.0,
253.0,Class 6
251.0,
262.0,
283.0,
295.0,
289.0,
271.0,
248.0,
220.0,
190.0,
160.0,
125.0,
94.0,
81.0,
83.0,Class 4
83.0,
76.0,
66.0,
58.0,
74.0,
142.0,
195.0,
231.0,
244.0,
230.0,
217.0,
215.0,
223.0,Class 5
242.0,
277.0,
311.0,
318.0,
308.0,
280.0,
239.0,
229.0,Class 6
251.0,
265.0,
273.0,
276.0,
265.0,
242.0,
239.0,
232.0,Class 5
195.0,
149.0,Class 1
123.0,
117.0,
114.0,
93.0,
73.0,
67.0,
63.0,
59.0,
57.0,Class 5
56.0,
58.0,
65.0,
70.0,
72.0,
74.0,
78.0,
81.0,
84.0,
96.0,
112.0,
122.0,
126.0,
123.0,
119.0,
119.0,
122.0,Class 5
128.0,
130.0,Class 1
128.0,Class 5
129.0,Class 1
128.0,
125.0,
122.0,
119.0,
115.0,
110.0,
119.0,
129.0,
133.0,
113.0,
103.0,
107.0,
127.0,
161.0,
173.0,
154.0,
124.0,
102.0,
86.0,Class 5
73.0,
62.0,
50.0,
64.0,
141.0,
171.0,
169.0,
167.0,
150.0,Class 4
123.0,
101.0,
93.0,
98.0,Class 5
101.0,
93.0,
89.0,
97.0,
110.0,
122.0,
129.0,
138.0,
161.0,
182.0,
181.0,
170.0,
164.0,
169.0,
182.0,
188.0,
183.0,
172.0,
151.0,Class 4
120.0,
102.0,
104.0,
131.0,Class 5
165.0,
175.0,
161.0,
153.0,
155.0,
158.0,
165.0,
175.0,Class 6
177.0,
188.0,
207.0,
217.0,
230.0,
219.0,Class 5
184.0,
138.0,Class 1
91.0,
72.0,
73.0,
81.0,
89.0,
92.0,
97.0,
100.0,
95.0,
97.0,
103.0,
117.0,
125.0,
111.0,
100.0,
91.0,
81.0,
78.0,
82.0,
83.0,
83.0,
79.0,
73.0,
74.0,
79.0,
81.0,
74.0,
69.0,
66.0,
66.0,
70.0,
72.0,
69.0,
63.0,Class 4
64.0,
67.0,
67.0,
65.0,Class 5
64.0,
66.0,
70.0,
68.0,
72.0,
87.0,
99.0,
97.0,Class 6
108.0,
128.0,
160.0,
199.0,Class 5
227.0,
215.0,
177.0,
140.0,
126.0,Class 4
133.0,
121.0,
95.0,
74.0,
61.0,
52.0,
73.0,
91.0,
80.0,
72.0,Class 5
88.0,
124.0,
168.0,Class 6
217.0,
246.0,
249.0,
264.0,
275.0,Class 4
279.0,
287.0,
286.0,
280.0,
254.0,
206.0,
149.0,
127.0,Class 5
138.0,
152.0,Class 4
162.0,
176.0,
190.0,
198.0,Class 6
210.0,
230.0,
246.0,
251.0,
251.0,
253.0,
240.0,Class 5
206.0,
170.0,
149.0,Class 1
140.0,
126.0,
124.0,
121.0,
109.0,
111.0,
113.0,
108.0,
103.0,
97.0,
102.0,
111.0,
113.0,
104.0,
95.0,
94.0,
102.0,
111.0,
120.0,
125.0,
131.0,
135.0,
136.0,
132.0,
127.0,
122.0,
115.0,
113.0,
110.0,
100.0,
94.0,
95.0,
95.0,
87.0,
81.0,
76.0,
69.0,
66.0,
75.0,Class 5
75.0,
78.0,
88.0,
106.0,
124.0,
131.0,Class 4
132.0,
124.0,
114.0,
107.0,
99.0,
93.0,
90.0,
87.0,
83.0,Class 5
75.0,Class 4
74.0,Class 6
107.0,
173.0,
220.0,
257.0,Class 4
284.0,
310.0,
328.0,
319.0,
280.0,Class 5
250.0,
239.0,
223.0,
195.0,
171.0,
179.0,
191.0,
189.0,
205.0,Class 6
229.0,
228.0,
220.0,
226.0,
239.0,
223.0,
211.0,
189.0,
165.0,
127.0,
77.0,Class 4
64.0,
64.0,
60.0,
57.0,
58.0,
67.0,
75.0,
70.0,
70.0,
87.0,
112.0,
126.0,
142.0,
173.0,
205.0,
221.0,
220.0,
218.0,Class 5
214.0,
207.0,
196.0,
185.0,
184.0,
185.0,
193.0,
197.0,
192.0,
191.0,Class 6
200.0,
204.0,
197.0,
191.0,
195.0,Class 5
196.0,
188.0,Class 1
172.0,Class 5
155.0,
139.0,
123.0,
116.0,Class 4
112.0,
106.0,
98.0,
88.0,Class 5
78.0,
73.0,
73.0,
71.0,
67.0,
65.0,
72.0,Class 4
93.0,
116.0,
137.0,
179.0,
222.0,Class 5
252.0,
222.0,
182.0,
149.0,
136.0,
139.0,
139.0,
141.0,Class 6
159.0,
195.0,
232.0,
256.0,
271.0,
254.0,Class 5
219.0,
147.0,
83.0,
65.0,
57.0,
56.0,
79.0,
95.0,
101.0,
120.0,
139.0,
154.0,
161.0,Class 4
160.0,
151.0,
143.0,
140.0,
145.0,
170.0,
219.0,
272.0,
305.0,
293.0,
281.0,
285.0,
289.0,
307.0,
319.0,
318.0,
329.0,
329.0,
303.0,
275.0,
256.0,
254.0,Class 6
261.0,
262.0,
259.0,
258.0,
256.0,
251.0,
254.0,
268.0,
278.0,
281.0,
279.0,
278.0,
281.0,
291.0,
300.0,
288.0,
277.0,
263.0,
245.0,
228.0,
218.0,
216.0,
209.0,
202.0,
206.0,Class 5
211.0,
210.0,
205.0,
197.0,
196.0,
209.0,
218.0,
214.0,Class 6
213.0,
221.0,
223.0,
227.0,
231.0,
213.0,Class 5
206.0,
174.0,
154.0,
152.0,Class 1
150.0,
164.0,
166.0,Class 5
145.0,
130.0,
123.0,
118.0,
116.0,
126.0,
141.0,
148.0,
139.0,Class 5
127.0,
119.0,
110.0,
101.0,
94.0,
81.0,
73.0,
98.0,Class 4
136.0,
169.0,
201.0,
215.0,
222.0,
239.0,Class 5
271.0,
300.0,
311.0,
291.0,
273.0,
273.0,
281.0,Class 6
290.0,
308.0,
331.0,
335.0,
320.0,
306.0,
289.0,
257.0,
217.0,Class 5
178.0,
150.0,
120.0,
103.0,
124.0,
142.0,
146.0,
140.0,Class 4
143.0,
132.0,
114.0,
110.0,
115.0,
129.0,
142.0,
157.0,
173.0,
180.0,
177.0,
178.0,
182.0,
186.0,
193.0,
207.0,
214.0,
213.0,
209.0,
205.0,
209.0,
206.0,
199.0,
190.0,
191.0,Class 5
199.0,
198.0,
194.0,
194.0,
191.0,
189.0,
189.0,Class 4
190.0,
185.0,
185.0,
192.0,
194.0,
191.0,
192.0,
194.0,
192.0,
179.0,
171.0,
155.0,Class 5
150.0,
172.0,
216.0,
252.0,
266.0,
262.0,
238.0,Class 6
221.0,
222.0,
250.0,
286.0,
278.0,
257.0,
234.0,Class 5
203.0,
167.0,Class 1
133.0,Class 5
102.0,
80.0,
77.0,
84.0,
84.0,
78.0,
69.0,
69.0,Class 4
80.0,
95.0,
86.0,
73.0,
67.0,
66.0,
69.0,Class 5
77.0,
91.0,
126.0,
170.0,
199.0,
219.0,Class 6
251.0,
288.0,
323.0,
347.0,
362.0,
367.0,
328.0,
278.0,
217.0,Class 5
173.0,
148.0,Class 1
128.0,
103.0,
77.0,
66.0,
61.0,
58.0,
55.0,
53.0,
52.0,
52.0,
51.0,
49.0,
49.0,
55.0,
67.0,
68.0,
71.0,
82.0,
108.0,
124.0,
131.0,
136.0,
138.0,
136.0,
132.0,
132.0,
132.0,
135.0,
137.0,
138.0,
142.0,
142.0,
136.0,
134.0,
139.0,
143.0,
144.0,Class 5
147.0,
151.0,
158.0,
155.0,
140.0,
123.0,
110.0,
115.0,
131.0,
142.0,
148.0,
154.0,
159.0,Class 4
156.0,
147.0,
143.0,
146.0,
162.0,
184.0,
198.0,Class 5
213.0,
232.0,
240.0,
233.0,
227.0,
224.0,Class 6
234.0,
244.0,
246.0,
254.0,
258.0,
247.0,
237.0,
222.0,Class 5
204.0,
188.0,
171.0,Class 4
165.0,
153.0,
128.0,Class 5
111.0,
123.0,
155.0,
182.0,
178.0,
153.0,
129.0,Class 4
118.0,
116.0,
120.0,Class 5
138.0,
168.0,
185.0,
181.0,
182.0,
182.0,
176.0,
170.0,
175.0,
178.0,
178.0,
181.0,
186.0,
192.0,
191.0,
178.0,
166.0,Class 4
158.0,
154.0,
157.0,
158.0,
162.0,
168.0,
175.0,Class 5
176.0,
177.0,
188.0,
199.0,
207.0,Class 6
213.0,
218.0,
229.0,
241.0,
250.0,
246.0,
231.0,
215.0,
200.0,
189.0,
182.0,
184.0,
185.0,
181.0,
181.0,
180.0,Class 5
175.0,
177.0,
179.0,
177.0,
168.0,
134.0,Class 1
105.0,
100.0,
109.0,
125.0,
123.0,Class 5
107.0,
93.0,
79.0,
68.0,
61.0,
54.0,
57.0,
81.0,
84.0,
73.0,
72.0,
89.0,
108.0,
113.0,
119.0,
128.0,
140.0,
161.0,
180.0,
194.0,
200.0,
195.0,
186.0,
187.0,
193.0,
195.0,Class 4
197.0,
197.0,
195.0,
193.0,
193.0,
198.0,
201.0,
198.0,
192.0,Class 5
179.0,
189.0,
200.0,
208.0,
236.0,
270.0,Class 6
296.0,
316.0,
320.0,
321.0,
333.0,
313.0,
273.0,
230.0,Class 5
197.0,
173.0,
152.0,
127.0,
100.0,
76.0,
63.0,
54.0,
44.0,
40.0,
40.0,
40.0,
44.0,Class 4
77.0,
128.0,
141.0,
141.0,
156.0,
172.0,
174.0,
181.0,
199.0,
213.0,
221.0,
222.0,Class 5
228.0,
233.0,
236.0,
238.0,
240.0,
242.0,
235.0,Class 6
220.0,
220.0,
229.0,
232.0,
231.0,
228.0,
214.0,
200.0,Class 5
193.0,
182.0,
171.0,
160.0,
151.0,
152.0,
120.0,
112.0,
128.0,
147.0,
152.0,
136.0,
116.0,
110.0,
109.0,
121.0,
148.0,
174.0,
190.0,
197.0,
198.0,Class 4
195.0,
194.0,
197.0,
200.0,
202.0,
205.0,
211.0,
215.0,
226.0,
249.0,
272.0,
284.0,
292.0,
304.0,
316.0,Class 6
323.0,
325.0,
323.0,
327.0,
306.0,
288.0,Class 4
270.0,
244.0,Class 5
231.0,
227.0,
209.0,
188.0,
170.0,
161.0,
153.0,
143.0,Class 4
142.0,
145.0,
164.0,
189.0,
200.0,Class 5
203.0,
184.0,
185.0,
188.0,
184.0,
177.0,
180.0,
185.0,
183.0,
177.0,
180.0,
188.0,
190.0,
190.0,
191.0,
185.0,Class 4
181.0,
178.0,Class 5
174.0,
174.0,
182.0,
183.0,
175.0,
174.0,
174.0,
175.0,
175.0,
169.0,
166.0,
173.0,
174.0,
176.0,
183.0,
179.0,
177.0,
176.0,
166.0,
162.0,
133.0,
107.0,
111.0,
136.0,
159.0,
176.0,
176.0,
147.0,
128.0,
103.0,
105.0,
127.0,
144.0,
157.0,Class 1
161.0,
157.0,
150.0,
149.0,
146.0,
136.0,
113.0,
94.0,
83.0,
79.0,
78.0,
81.0,
88.0,Class 5
92.0,
96.0,
95.0,
84.0,
84.0,
102.0,
123.0,
140.0,Class 4
150.0,
154.0,
149.0,
133.0,Class 5
117.0,
106.0,
98.0,
108.0,
130.0,
157.0,
173.0,
181.0,
177.0,Class 6
168.0,
170.0,
182.0,
201.0,
210.0,Class 5
191.0,
153.0,Class 1
121.0,Class 5
96.0,
98.0,Class 1
114.0,
121.0,Class 5
114.0,
103.0,
90.0,
71.0,
59.0,
47.0,Class 4
40.0,
40.0,
55.0,Class 5
131.0,
152.0,
157.0,
165.0,
167.0,
163.0,
160.0,
152.0,
144.0,Class 6
153.0,
176.0,
195.0,
206.0,
210.0,Class 5
202.0,
178.0,Class 1
154.0,
140.0,
129.0,
118.0,
108.0,
97.0,
86.0,
82.0,
81.0,
77.0,
72.0,
68.0,
65.0,
61.0,
83.0,
98.0,
105.0,
126.0,
162.0,
208.0,
243.0,
262.0,
236.0,
222.0,Class 4
230.0,
250.0,
258.0,
249.0,
236.0,
227.0,
218.0,
209.0,
208.0,
211.0,
231.0,
250.0,
262.0,
275.0,
297.0,
323.0,Class 6
352.0,
369.0,
348.0,
320.0,
271.0,
251.0,
256.0,
260.0,
256.0,
252.0,
231.0,
210.0,Class 5
184.0,Class 1
154.0,
127.0,Class 5
118.0,
118.0,
117.0,
118.0,
103.0,
96.0,
96.0,
94.0,
108.0,
122.0,
111.0,Class 4
122.0,
132.0,
137.0,
140.0,
149.0,
157.0,Class 5
161.0,
168.0,
178.0,
185.0,
185.0,
183.0,
192.0,
205.0,Class 6
210.0,
206.0,
202.0,
205.0,
217.0,
213.0,Class 5
200.0,
181.0,Class 1
165.0,
162.0,
156.0,
144.0,Class 4
125.0,
106.0,
103.0,
104.0,
102.0,Class 5
102.0,
99.0,
99.0,
103.0,
109.0,
122.0,
125.0,
101.0,
95.0,
112.0,
159.0,
205.0,
217.0,
194.0,
168.0,
168.0,Class 4
171.0,
161.0,
149.0,
142.0,
145.0,
169.0,
199.0,
222.0,
233.0,
244.0,
258.0,
259.0,
269.0,
285.0,
284.0,
277.0,
280.0,
286.0,
297.0,Class 6
287.0,
261.0,
231.0,
203.0,
199.0,
212.0,
224.0,
218.0,
205.0,
195.0,Class 5
190.0,
184.0,
175.0,
162.0,Class 1
135.0,
114.0,
113.0,
122.0,
131.0,
128.0,
103.0,
79.0,
71.0,
74.0,
66.0,
60.0,
62.0,
66.0,
63.0,
61.0,
64.0,
73.0,
95.0,
113.0,
120.0,
116.0,
115.0,
116.0,
115.0,
116.0,
113.0,
109.0,
106.0,
105.0,
104.0,
99.0,
98.0,
96.0,
94.0,
99.0,Class 5
104.0,
110.0,
115.0,
122.0,Class 4
135.0,
150.0,
154.0,
144.0,Class 5
119.0,
116.0,
120.0,
119.0,
121.0,
123.0,
126.0,
129.0,
135.0,Class 4
151.0,
184.0,
209.0,
224.0,
219.0,
193.0,
161.0,
133.0,
124.0,
122.0,Class 5
118.0,
111.0,
113.0,Class 6
145.0,
195.0,
230.0,
242.0,
242.0,
246.0,
236.0,Class 4
223.0,
214.0,
209.0,
198.0,
187.0,
182.0,Class 5
176.0,
150.0,
118.0,
124.0,
170.0,
204.0,
204.0,Class 6
197.0,
205.0,
227.0,
247.0,
256.0,
246.0,Class 4
214.0,
170.0,
137.0,
118.0,
106.0,
103.0,Class 5
97.0,
103.0,
124.0,
137.0,
151.0,
169.0,
177.0,
180.0,
191.0,
202.0,
213.0,Class 6
209.0,
200.0,
184.0,
179.0,
186.0,
186.0,
177.0,
171.0,
165.0,Class 5
163.0,
167.0,
171.0,
164.0,
154.0,Class 1
135.0,
113.0,
98.0,
83.0,
75.0,Class 5
73.0,
67.0,Class 1
62.0,
58.0,
55.0,
51.0,
47.0,
46.0,
55.0,
101.0,
136.0,
128.0,Class 5
138.0,
152.0,
160.0,
174.0,
178.0,
171.0,
156.0,
142.0,Class 1
129.0,
123.0,
114.0,Class 5
104.0,
82.0,
81.0,
103.0,
115.0,
100.0,
91.0,
107.0,Class 4
121.0,
128.0,
147.0,
171.0,Class 5
165.0,
131.0,
113.0,
114.0,
96.0,
74.0,
61.0,
56.0,
61.0,Class 6
113.0,
185.0,
223.0,
210.0,Class 5
193.0,
204.0,
211.0,
189.0,
157.0,
119.0,Class 4
101.0,
104.0,
109.0,
124.0,
139.0,
145.0,
147.0,Class 5
148.0,
154.0,
163.0,
170.0,
181.0,
195.0,
204.0,
212.0,Class 6
226.0,
239.0,
232.0,
233.0,
228.0,
215.0,
201.0,Class 5
190.0,
175.0,
150.0,Class 1
133.0,
119.0,
110.0,
102.0,
92.0,
87.0,
86.0,
85.0,
83.0,
87.0,
84.0,
80.0,
82.0,
87.0,
87.0,Class 5
86.0,
87.0,
90.0,
89.0,
88.0,
90.0,
93.0,
99.0,
106.0,Class 5
107.0,
112.0,
134.0,Class 4
137.0,
143.0,
139.0,
132.0,
131.0,
147.0,Class 5
178.0,
204.0,
234.0,
255.0,
270.0,
268.0,
247.0,
235.0,Class 6
235.0,
271.0,
300.0,
295.0,
272.0,
249.0,
226.0,
205.0,Class 5
178.0,
133.0,
100.0,
84.0,Class 1
78.0,
83.0,Class 5
88.0,
106.0,
133.0,Class 4
146.0,
128.0,
105.0,
97.0,Class 5
86.0,
68.0,
53.0,
72.0,
137.0,
164.0,
156.0,
156.0,
155.0,Class 6
145.0,
161.0,
196.0,
214.0,
211.0,Class 5
196.0,
171.0,
148.0,
120.0,
81.0,
59.0,
59.0,
92.0,
113.0,
108.0,
87.0,
70.0,
62.0,
59.0,
61.0,
63.0,
64.0,
69.0,
75.0,
80.0,
87.0,
92.0,
93.0,
91.0,
92.0,
97.0,
105.0,
113.0,
124.0,
135.0,
143.0,
153.0,
156.0,
163.0,
160.0,Class 1
149.0,
142.0,
132.0,
125.0,
122.0,
119.0,
117.0,
116.0,Class 5
119.0,
120.0,Class 1
121.0,
115.0,
104.0,
108.0,
126.0,
140.0,
142.0,
127.0,
108.0,
90.0,
92.0,
96.0,Class 5
86.0,
91.0,
132.0,
166.0,
173.0,
154.0,
121.0,
101.0,
89.0,
80.0,
86.0,
91.0,
84.0,
81.0,
84.0,
94.0,
100.0,
108.0,
129.0,
167.0,Class 4
186.0,
188.0,
201.0,
214.0,
225.0,Class 5
236.0,
240.0,
230.0,
214.0,
200.0,Class 5
185.0,
179.0,Class 6
197.0,
225.0,
244.0,
277.0,
291.0,
282.0,
254.0,
218.0,Class 5
180.0,
141.0,Class 1
112.0,
80.0,
58.0,
48.0,
65.0,
86.0,
88.0,
94.0,
123.0,
135.0,
137.0,
134.0,
134.0,
135.0,
134.0,
139.0,
143.0,Class 5
143.0,
144.0,
149.0,
151.0,
151.0,
153.0,
153.0,
154.0,
160.0,
159.0,
153.0,
159.0,
166.0,
163.0,
163.0,Class 1
157.0,
152.0,
144.0,
135.0,
130.0,
123.0,
113.0,
104.0,
105.0,
108.0,
109.0,
110.0,
101.0,
99.0,
106.0,
118.0,
125.0,
120.0,
103.0,Class 5
83.0,
76.0,
77.0,
73.0,
63.0,Class 4
54.0,
52.0,
88.0,
118.0,
121.0,
125.0,
116.0,
98.0,
95.0,Class 5
106.0,
120.0,Class 6
137.0,
157.0,
175.0,
193.0,
218.0,
238.0,Class 4
240.0,
232.0,
224.0,
218.0,
200.0,
191.0,
185.0,
174.0,Class 5
148.0,
154.0,
169.0,
161.0,
169.0,
206.0,Class 6
259.0,
302.0,
337.0,
350.0,
331.0,
311.0,
279.0,
240.0,
213.0,Class 5
201.0,
180.0,
165.0,
155.0,Class 1
131.0,
102.0,
78.0,
67.0,
60.0,
54.0,
46.0,
40.0,
40.0,
40.0,
44.0,
50.0,
52.0,
49.0,
48.0,Class 5
50.0,
51.0,
50.0,
50.0,
51.0,
52.0,
56.0,
65.0,Class 4
69.0,
73.0,
79.0,
82.0,
87.0,
102.0,Class 5
115.0,
125.0,
138.0,Class 6
158.0,
185.0,
211.0,Class 4
212.0,
201.0,
190.0,
210.0,
238.0,
251.0,
226.0,
212.0,Class 5
199.0,
175.0,
154.0,
129.0,Class 4
105.0,
90.0,
111.0,
177.0,
227.0,
258.0,
190.0,
155.0,
123.0,Class 5
100.0,
76.0,
71.0,
97.0,
136.0,
169.0,
195.0,Class 6
209.0,
212.0,
216.0,
220.0,
218.0,
209.0,Class 5
205.0,
200.0,
179.0,
162.0,Class 4
153.0,
136.0,
129.0,
123.0,
116.0,
100.0,
87.0,Class 5
79.0,
72.0,
66.0,
79.0,
109.0,
145.0,
178.0,Class 6
207.0,
217.0,
211.0,
213.0,
216.0,
213.0,
203.0,Class 5
183.0,
174.0,
167.0,
158.0,Class 1
150.0,
143.0,
138.0,
138.0,
137.0,
130.0,
122.0,
113.0,
106.0,
106.0,
106.0,
104.0,
105.0,
105.0,
104.0,
101.0,
99.0,
97.0,
92.0,
93.0,
88.0,
88.0,Class 5
84.0,
79.0,
77.0,
74.0,
68.0,Class 4
65.0,
64.0,
62.0,
61.0,Class 5
64.0,
75.0,
88.0,
94.0,
97.0,
112.0,
132.0,
151.0,
165.0,
174.0,Class 6
192.0,Class 5
200.0,
194.0,
190.0,
195.0,
198.0,
188.0,
166.0,Class 4
157.0,
158.0,Class 5
158.0,
158.0,
162.0,
171.0,
176.0,
175.0,
165.0,
143.0,
163.0,Class 4
142.0,
139.0,Class 5
166.0,
188.0,
189.0,
185.0,
178.0,
167.0,
158.0,
151.0,
146.0,
154.0,Class 6
163.0,
160.0,Class 5
167.0,
179.0,
186.0,
180.0,
164.0,Class 1
137.0,
120.0,
119.0,
114.0,
108.0,
105.0,
93.0,
76.0,
74.0,
65.0,
56.0,
45.0,
40.0,
40.0,
40.0,Class 4
40.0,
42.0,
45.0,
49.0,
54.0,
54.0,
53.0,
51.0,
50.0,
49.0,
49.0,
49.0,
51.0,
54.0,
55.0,
54.0,
53.0,
52.0,
51.0,
52.0,
54.0,
55.0,
57.0,
56.0,
54.0,
53.0,
52.0,
55.0,
73.0,
89.0,
87.0,
88.0,
95.0,
104.0,
101.0,Class 4
104.0,
111.0,
124.0,
162.0,
204.0,
224.0,Class 5
235.0,
246.0,
252.0,
250.0,
240.0,
221.0,
210.0,Class 6
230.0,
268.0,
295.0,
314.0,
314.0,
293.0,Class 5
265.0,
230.0,
192.0,
159.0,
128.0,
97.0,
74.0,
60.0,
47.0,
60.0,
130.0,
165.0,
186.0,
188.0,
174.0,
165.0,Class 4
160.0,
160.0,
155.0,
165.0,
198.0,
231.0,
245.0,
243.0,
234.0,
221.0,
209.0,
205.0,
210.0,
220.0,
238.0,
255.0,
268.0,
274.0,
281.0,
281.0,
