0,1,2,3,4
-0.41231048107147217,0.5986377596855164,-3.0166478157043457,1.1436511278152466,3.0
-0.4312797784805298,-2.9118926525115967,0.2988872528076172,0.7758855819702148,3.0
-0.43986964225769043,-2.7035140991210938,-0.49809956550598145,0.8086060285568237,3.0
0.29515039920806885,-0.06299037486314774,-3.1590795516967773,0.8676201105117798,3.0
-0.4142721891403198,-4.5400261878967285,1.5441548824310303,0.8944220542907715,2.0
-0.4824504256248474,1.6103167533874512,-3.02270770072937,1.0268566608428955,1.0
-1.2618669271469116,0.5078076720237732,-1.1868345737457275,1.301782488822937,3.0
-0.6716582775115967,-3.557171583175659,1.6627228260040283,0.9955471158027649,2.0
-0.9550681710243225,1.4000314474105835,-2.382958173751831,0.8624828457832336,1.0
-0.2209150791168213,-5.118170261383057,2.1536428928375244,0.6907771229743958,2.0
-0.39745432138442993,-0.7777613401412964,-2.3039958477020264,1.1064802408218384,3.0
-0.5410233736038208,1.583532452583313,-2.6651384830474854,0.8952632546424866,1.0
-0.0855756402015686,-3.208385944366455,0.5553877949714661,0.6509318351745605,3.0
-0.8798550367355347,0.8915173411369324,-2.9076080322265625,1.4416425228118896,3.0
-0.4683440923690796,1.01329505443573,-2.3661773204803467,1.0484899282455444,3.0
-0.8579229116439819,-0.5251498222351074,-0.23518642783164978,0.9585605263710022,3.0
-1.5905983448028564,0.8783904910087585,-1.3780043125152588,1.620837688446045,3.0
-0.9402593374252319,-1.156369924545288,-0.2182271033525467,1.3242629766464233,3.0
-0.8362733125686646,0.7370556592941284,-1.5358152389526367,0.7384999394416809,3.0
-0.7806241512298584,-2.855198383331299,0.8974679112434387,1.14998459815979,3.0
-0.33792585134506226,-0.8847376108169556,-1.6759769916534424,0.8972089886665344,3.0
-0.5443593859672546,-0.2528088688850403,-1.7441225051879883,0.8901703357696533,3.0
-0.4807192087173462,1.2246946096420288,-2.090975046157837,0.8587737083435059,1.0
-1.240439772605896,-2.570606231689453,0.940305769443512,1.5034735202789307,3.0
-0.7098970413208008,0.280624121427536,-1.6337738037109375,1.1391782760620117,3.0
-0.44292163848876953,-3.489370346069336,0.9966227412223816,0.8766651153564453,2.0
0.15813767910003662,0.2494572103023529,-2.266064167022705,1.0819571018218994,3.0
-0.3281114101409912,-1.0850472450256348,-1.028454303741455,0.8432151079177856,3.0
-0.11959344148635864,1.7734647989273071,-3.7205944061279297,0.8453948497772217,1.0
-0.5736960172653198,-2.8623850345611572,0.1529991328716278,1.1404261589050293,3.0
-0.46691346168518066,-0.04889429360628128,-2.445943832397461,1.0697728395462036,3.0
-0.7916920185089111,-1.1321825981140137,-0.8896520137786865,1.3797355890274048,3.0
-1.1019459962844849,1.6449264287948608,-2.719400405883789,1.139357328414917,1.0
-0.8442293405532837,-3.4778380393981934,1.2416160106658936,1.0930033922195435,2.0
-0.5146751999855042,1.2355842590332031,-2.6258490085601807,0.8850042819976807,1.0
-0.08226704597473145,-2.964484453201294,-0.1786600947380066,0.9405564665794373,3.0
-1.0148757696151733,0.9738999605178833,-2.271054983139038,1.3439329862594604,3.0
-0.679481029510498,1.0908730030059814,-1.8420157432556152,0.9771631360054016,1.0
-1.0621693134307861,-0.618372917175293,-0.635107696056366,1.4908556938171387,3.0
0.03029811382293701,-3.860804557800293,0.9607273936271667,0.715782880783081,2.0
-0.006310701370239258,-1.2200927734375,-1.8876678943634033,0.5580516457557678,3.0
-0.4839593172073364,0.947685956954956,-2.660132884979248,1.0438534021377563,3.0
-1.0146057605743408,0.06737159937620163,-0.3047484755516052,0.8645240068435669,3.0
-0.93045574426651,-2.2045323848724365,-0.09415525197982788,1.4777261018753052,3.0
-0.5653796195983887,0.44973230361938477,-1.8753595352172852,0.9196802973747253,3.0
-0.7611652612686157,-1.0020325183868408,-1.7643496990203857,1.3699750900268555,3.0
-0.3170695900917053,-3.076976776123047,0.8594416975975037,0.8363891839981079,2.0
-0.9229488372802734,2.339942693710327,-3.938654899597168,1.0724883079528809,1.0
-0.8338341116905212,-0.8077074885368347,-0.047313570976257324,0.8469966053962708,3.0
-0.3486102819442749,-0.911996603012085,-1.8892898559570312,0.9274862408638,3.0
-0.4581524133682251,-1.0948703289031982,-0.5635839700698853,0.7750204801559448,3.0
-0.0890156626701355,-1.615376353263855,-1.7025063037872314,0.8445048332214355,3.0
-0.6607190370559692,-0.20759767293930054,-1.8982195854187012,1.217839002609253,3.0
-0.7551774978637695,-0.10095197707414627,-1.166875958442688,1.1494299173355103,3.0
-0.7334108352661133,-2.394000291824341,-0.2455214560031891,1.0365934371948242,3.0
-0.34091323614120483,-3.0264432430267334,1.0971179008483887,0.7996698617935181,2.0
-0.9543623924255371,-2.5582306385040283,1.0048391819000244,1.3241393566131592,3.0
-0.18050026893615723,-2.187199831008911,-0.20368848741054535,0.6469431519508362,3.0
-0.8257951736450195,2.4339234828948975,-4.10210657119751,0.985366940498352,1.0
-1.0146057605743408,0.06737159937620163,-0.3047484755516052,0.8645240068435669,3.0
-1.0146057605743408,0.06737159937620163,-0.3047484755516052,0.8645240068435669,3.0
-0.5093674063682556,-3.4019875526428223,0.13091278076171875,1.1742185354232788,3.0
-0.413379430770874,-0.3100525736808777,-2.064039945602417,1.0848667621612549,3.0
-0.7387731075286865,0.6011005640029907,-0.9794678688049316,0.9876893162727356,3.0
-0.26278412342071533,-3.6930134296417236,1.3804197311401367,0.8160889148712158,2.0
-0.7123697996139526,0.21463292837142944,-1.2558722496032715,0.7247986793518066,3.0
-0.9276160001754761,-0.4546368718147278,-1.0189399719238281,1.4621803760528564,3.0
-0.3379286527633667,-1.8865735530853271,-0.27842050790786743,0.8057149648666382,3.0
0.1550896167755127,-3.7066304683685303,0.5052470564842224,0.47611916065216064,2.0
-0.7200323939323425,0.7564693689346313,-1.526928186416626,0.7546021938323975,1.0
-0.47897857427597046,-2.873983860015869,0.994739830493927,1.060795783996582,3.0
-0.6901842951774597,1.337213158607483,-2.2982420921325684,0.8936805129051208,1.0
-0.2024843692779541,-3.1806323528289795,0.8432475924491882,0.6088791489601135,2.0
-1.2404377460479736,0.839767575263977,-2.2638301849365234,1.0999641418457031,3.0
-0.3364914655685425,0.2488943636417389,-1.3960258960723877,1.2074280977249146,3.0
-0.7406463623046875,-0.5747218132019043,-1.4282824993133545,1.3256447315216064,3.0
-0.48594582080841064,-1.1949667930603027,-0.38070762157440186,0.9596346616744995,3.0
0.05120813846588135,-1.0836344957351685,-1.3039729595184326,0.8486112952232361,3.0
-0.7743302583694458,2.3447062969207764,-3.6565186977386475,0.9313316941261292,1.0
-0.2779618501663208,-3.0700457096099854,0.8399692177772522,0.6610894203186035,2.0
-1.247928500175476,2.8954288959503174,-4.342928886413574,1.0297188758850098,1.0
-0.5825055837631226,-1.7463668584823608,0.2679963707923889,0.7649937868118286,3.0
-0.39493632316589355,1.1596742868423462,-2.7186176776885986,0.42855122685432434,1.0
-1.0953092575073242,-0.11485695093870163,-0.6208368539810181,1.038356900215149,3.0
-1.0146057605743408,0.06737159937620163,-0.3047484755516052,0.8645240068435669,3.0
-1.0340982675552368,-0.3082245886325836,-0.15113869309425354,0.9631805419921875,3.0
-1.0292165279388428,-1.1141905784606934,0.13905954360961914,1.5382591485977173,3.0
-0.9388865232467651,0.7267014384269714,-1.4339206218719482,0.8697202205657959,3.0
-1.2641823291778564,0.4144968092441559,-0.8992676138877869,0.8836457133293152,3.0
-1.1926676034927368,-5.145993709564209,2.5123772621154785,1.0511797666549683,2.0
-0.5140117406845093,0.301235556602478,-2.5139429569244385,1.0580875873565674,3.0
-0.858998715877533,0.4254681468009949,-0.9291931390762329,0.8280165195465088,3.0
-0.3556583523750305,-2.533397912979126,0.5980642437934875,0.7562887668609619,3.0
0.2418839931488037,-1.8403040170669556,-1.9557709693908691,0.7634916305541992,3.0
-0.5654201507568359,0.5590716600418091,-2.377277374267578,0.9931204319000244,3.0
-0.6120427846908569,-1.036063551902771,-0.5654042363166809,1.1632640361785889,3.0
-0.3993525505065918,1.5548436641693115,-2.514272451400757,0.9901517629623413,1.0
-0.32834088802337646,-4.137748718261719,1.3591835498809814,0.6873191595077515,2.0
0.13597023487091064,-2.3264153003692627,-0.7759724259376526,0.5661218166351318,3.0
-0.698270320892334,0.15440738201141357,-2.0257506370544434,1.2269213199615479,3.0
-0.8769365549087524,0.2264385223388672,-0.8888189196586609,0.9847633242607117,3.0
-1.194460391998291,1.3647346496582031,-2.4614856243133545,1.2375752925872803,1.0
-1.0900084972381592,-0.7740780115127563,-0.8603413701057434,1.412622094154358,3.0
-1.2770243883132935,0.6315223574638367,-1.7757489681243896,1.496191382408142,3.0
-0.6236386299133301,-1.4995975494384766,0.26725250482559204,0.8948534727096558,3.0
-0.5844598412513733,0.1260356307029724,-2.244352102279663,0.9832912087440491,3.0
-0.7402640581130981,0.6226719617843628,-1.0768978595733643,0.9549691677093506,3.0
-1.0146057605743408,0.06737159937620163,-0.3047484755516052,0.8645240068435669,3.0
-0.9054003357887268,-0.4117685556411743,-0.1432819664478302,0.869019091129303,3.0
-0.2789722681045532,-2.2625091075897217,-0.5564450025558472,0.934516191482544,3.0
-0.18138039112091064,1.2125375270843506,-2.8579092025756836,0.7403478622436523,1.0
-0.21056699752807617,1.2151412963867188,-3.4996790885925293,0.651147723197937,1.0
-0.36240488290786743,-3.483347177505493,0.24664849042892456,0.9505005478858948,3.0
-0.7639262676239014,1.3360508680343628,-2.860766649246216,0.8983913064002991,1.0
0.017083287239074707,2.356907844543457,-3.8564279079437256,0.6327722072601318,1.0
-0.352683424949646,-3.042276620864868,1.026313066482544,0.7913044095039368,2.0
-0.30420100688934326,-2.280378580093384,-0.9869986772537231,1.0339255332946777,3.0
-0.7039817571640015,0.03256019204854965,-1.70505952835083,1.1453301906585693,3.0
-0.6068708300590515,-1.3909094333648682,0.08376610279083252,0.8992055058479309,3.0
-1.1520156860351562,2.0455784797668457,-3.0637338161468506,1.0448644161224365,1.0
-0.7115730047225952,-5.746214866638184,2.8375728130340576,0.9676943421363831,2.0
-0.44846463203430176,0.8434305191040039,-2.9563934803009033,1.111476182937622,3.0
-0.7823108434677124,0.2828046679496765,-0.7263939380645752,1.0109152793884277,3.0
-0.3045567274093628,-3.450364351272583,1.3398613929748535,1.0480856895446777,2.0
-0.8032093048095703,1.7164340019226074,-3.243138551712036,1.0251322984695435,1.0
-0.05361884832382202,-6.032114028930664,2.6961135864257812,0.6601057052612305,2.0
-0.6683670282363892,0.9186538457870483,-1.9279491901397705,0.6764317750930786,1.0
-2.0060384273529053,0.6701172590255737,-0.5439101457595825,1.354697346687317,3.0
-0.6431714296340942,-3.3688948154449463,1.351487159729004,0.9349979758262634,2.0
-0.677395224571228,0.8550153374671936,-1.4507725238800049,0.9652875661849976,3.0
-0.6674016118049622,-4.669939041137695,1.4897644519805908,1.3000617027282715,2.0
-0.046118319034576416,0.6075736284255981,-2.593506336212158,0.7270886898040771,3.0
0.18439984321594238,-1.7623190879821777,-1.2699182033538818,0.9578436613082886,3.0
-0.5592573881149292,-3.877995252609253,1.4398837089538574,1.244246482849121,2.0
-0.8501805067062378,-0.6943211555480957,-0.06605520844459534,0.8593021035194397,3.0
-0.9984272718429565,1.1527526378631592,-1.925912618637085,0.9749126434326172,1.0
-0.8853122591972351,-0.6052064895629883,-0.1221039891242981,0.8402936458587646,3.0
-0.9379452466964722,1.0551857948303223,-1.9885740280151367,0.9343762993812561,1.0
-0.6100555658340454,-2.7571332454681396,1.0944716930389404,0.9924474954605103,2.0
-0.19075250625610352,-3.1025688648223877,0.5201961398124695,0.758714497089386,3.0
-0.41255009174346924,1.4028433561325073,-2.394883155822754,0.8338662981987,1.0
-0.5524172782897949,-2.6040022373199463,1.051572561264038,1.0009804964065552,2.0
-0.8272744417190552,-2.2170538902282715,-0.11806058883666992,0.9159685373306274,3.0
-0.42931216955184937,2.1940360069274902,-3.6625664234161377,0.7804587483406067,1.0
-1.549442172050476,-0.41144344210624695,-0.3907107710838318,1.1890782117843628,3.0
-0.5810022354125977,-1.8086906671524048,-0.6899502873420715,1.162115454673767,3.0
-0.8897756338119507,-0.27747827768325806,-1.2371095418930054,1.347159743309021,3.0
-0.801429808139801,-0.10428028553724289,-1.2697030305862427,1.0044194459915161,3.0
0.2776949405670166,-3.5589425563812256,0.19370850920677185,0.2949991822242737,3.0
-0.2818049192428589,1.1131606101989746,-3.024226188659668,0.7150688171386719,1.0
-0.2563527822494507,-2.98799991607666,0.6729718446731567,0.7180485725402832,3.0
-0.5647817254066467,2.2248897552490234,-3.7372732162475586,0.795052707195282,1.0
-0.595123291015625,-4.465120315551758,2.030646562576294,0.9314960837364197,2.0
-0.01983553171157837,-2.3702032566070557,-1.64186692237854,0.45186978578567505,3.0
-0.609609842300415,1.4492192268371582,-2.8623251914978027,0.8888125419616699,1.0
-0.7114142179489136,-3.4103546142578125,1.6314537525177002,1.0437138080596924,2.0
-0.777143657207489,0.5958232283592224,-1.181203842163086,0.8520217537879944,3.0
-0.9827920198440552,-2.381416082382202,1.5927863121032715,1.3429133892059326,2.0
-0.9092441201210022,0.9247605800628662,-2.5045390129089355,1.109102487564087,3.0
-0.7471387386322021,-0.7256214618682861,-0.8056595325469971,1.1671162843704224,3.0
-0.6820817589759827,-2.0224273204803467,-0.7385168075561523,1.263962745666504,3.0
0.5247743129730225,-0.4892590641975403,-2.553342580795288,0.6886842250823975,3.0
-1.1046226024627686,-1.2690370082855225,-0.8900748491287231,1.149253487586975,3.0
-0.40824174880981445,-5.213729381561279,2.0089828968048096,0.9788329601287842,2.0
-0.027411162853240967,-1.8309401273727417,-1.9263091087341309,0.8020301461219788,3.0
-0.6105396747589111,0.5622645020484924,-3.192737579345703,0.8161259889602661,3.0
-0.7090884447097778,0.45268863439559937,-1.4622714519500732,0.7101073265075684,3.0
-0.8619601130485535,2.528177499771118,-4.146503925323486,0.7788641452789307,1.0
-0.2448607087135315,-3.708587408065796,1.4191851615905762,0.7776064872741699,2.0
-0.24484574794769287,-1.483546495437622,-1.201174020767212,0.9002269506454468,3.0
-0.07139670848846436,1.967099666595459,-2.889246940612793,1.117612361907959,1.0
-0.7963599562644958,-0.8395482301712036,0.10937273502349854,0.9507010579109192,3.0
-0.6463508605957031,0.7436111569404602,-1.364666223526001,0.9557067155838013,3.0
-0.7225193381309509,-3.073967218399048,0.20147693157196045,1.2359590530395508,3.0
-0.8910451531410217,0.3573271334171295,-1.9165887832641602,1.269832730293274,3.0
-0.29011332988739014,-2.5869057178497314,0.36036962270736694,0.6722665429115295,3.0
-0.7606604695320129,-0.9215803146362305,-2.3666138648986816,0.8628114461898804,3.0
-1.0240508317947388,1.6867485046386719,-2.927565336227417,0.6052811741828918,1.0
-0.9013340473175049,-4.605676651000977,2.051682949066162,1.1318817138671875,2.0
-0.22799766063690186,-4.737319469451904,1.6074409484863281,1.2082152366638184,2.0
-0.36077630519866943,1.1846996545791626,-2.7909762859344482,0.8092684745788574,1.0
-0.462459921836853,-3.517693519592285,1.37857985496521,0.8353525400161743,2.0
-0.32330894470214844,-2.993441343307495,0.21544545888900757,1.086150884628296,3.0
-1.7979423999786377,0.4862024188041687,-0.8453016877174377,1.611019492149353,3.0
-0.5377910137176514,-4.989498615264893,2.20989990234375,0.8434370160102844,2.0
-0.43477433919906616,0.3838399052619934,-2.9328935146331787,1.0745240449905396,3.0
0.06520295143127441,-1.4796459674835205,-0.6841317415237427,0.9354148507118225,3.0
-0.47021353244781494,-2.1284379959106445,0.34637147188186646,0.7186959981918335,3.0
-0.31877100467681885,-2.4758236408233643,-1.0891354084014893,0.6894365549087524,3.0
-0.3991548418998718,0.8009762763977051,-2.961678981781006,0.9619320631027222,3.0
-0.32260358333587646,-2.3143422603607178,0.30276525020599365,0.814586877822876,3.0
-1.7450653314590454,-1.193119764328003,1.005829095840454,1.5648614168167114,3.0
-0.6795978546142578,-3.5515899658203125,1.799065351486206,1.2385681867599487,2.0
-0.48099642992019653,-2.114443302154541,0.4094383120536804,0.7621682286262512,3.0
-0.6709202527999878,-0.030573196709156036,-2.6681041717529297,1.08521568775177,3.0
-0.3701425790786743,-1.267059087753296,-0.4129157066345215,0.8888615965843201,3.0
-1.5430753231048584,-1.3004558086395264,-0.011610627174377441,1.3608132600784302,3.0
-0.3817172646522522,-3.2902448177337646,1.2712163925170898,0.9466288089752197,2.0
-1.121612787246704,-3.4874730110168457,1.5129563808441162,1.2661066055297852,2.0
-0.24439191818237305,-3.4416229724884033,-0.6136500835418701,0.987191915512085,3.0
-0.43623054027557373,-0.5295876860618591,-2.3056600093841553,1.1406763792037964,3.0
-1.1890417337417603,-2.0768227577209473,0.4490874409675598,1.310974359512329,3.0
-1.0146057605743408,0.06737159937620163,-0.3047484755516052,0.8645240068435669,3.0
-0.3417896032333374,-3.592550277709961,1.2762367725372314,1.0923235416412354,2.0
-0.3013560175895691,0.22687524557113647,-2.2063498497009277,0.9567750692367554,3.0
-0.9987367987632751,1.3414069414138794,-2.285447597503662,1.001575231552124,1.0
-0.7091095447540283,-1.8419514894485474,0.46989476680755615,0.9630278944969177,3.0
-0.6974695324897766,-0.3889908194541931,-0.9486780166625977,1.0177465677261353,3.0
-0.7647992372512817,-3.488537311553955,1.1937170028686523,1.3952746391296387,3.0
-0.23877668380737305,-1.5909441709518433,-1.3111958503723145,0.9179794788360596,3.0
-0.25451207160949707,0.08465214818716049,-1.4664068222045898,0.9757472276687622,3.0
-0.4986327290534973,-1.6311709880828857,0.09936660528182983,0.9203605651855469,3.0
-0.7508647441864014,-1.1018720865249634,0.07252877950668335,0.8568291068077087,3.0
-0.8713902235031128,1.3781760931015015,-2.60054087638855,1.0401699542999268,1.0
-0.978400707244873,-0.4507490396499634,-0.0476018488407135,0.9462615251541138,3.0
-0.7740118503570557,0.5579594969749451,-0.9994412064552307,0.9265701174736023,3.0
-0.976824164390564,-0.13613128662109375,-0.25162920355796814,0.8556885123252869,3.0
-0.951210618019104,-0.22173362970352173,-0.2577385902404785,0.846371054649353,3.0
-0.5311059355735779,-3.732905149459839,0.7072935700416565,1.0357606410980225,3.0
-0.002068042755126953,-2.179600954055786,-1.8878626823425293,0.6310046911239624,3.0
-0.4034128785133362,1.5327759981155396,-2.9468958377838135,0.6030727624893188,1.0
-1.5008834600448608,-1.1231555938720703,0.9734695553779602,1.4385628700256348,3.0
-0.7347817420959473,-1.1225121021270752,0.212801992893219,0.9569629430770874,3.0
-0.4798126220703125,-1.320397973060608,-0.6303356289863586,0.8728098273277283,3.0
-0.14228540658950806,0.7952500581741333,-2.604616403579712,0.9675392508506775,3.0
-0.43585115671157837,-2.8640241622924805,-0.39961475133895874,1.0531399250030518,3.0
-0.7957767844200134,0.6092154383659363,-2.668245315551758,1.0425057411193848,3.0
-0.8280020952224731,0.12075381726026535,-1.6683599948883057,1.2754899263381958,3.0
-0.38291484117507935,-2.430286407470703,0.19721263647079468,0.878422200679779,3.0
-0.5938980579376221,-1.8921962976455688,-0.378831684589386,1.0704864263534546,3.0
-0.42378783226013184,1.5307732820510864,-2.557007074356079,0.8972407579421997,1.0
-0.9537082314491272,0.22565209865570068,-0.6135061979293823,0.8253911733627319,3.0
-1.0146057605743408,0.06737159937620163,-0.3047484755516052,0.8645240068435669,3.0
-1.2245221138000488,-3.2515299320220947,1.8778808116912842,1.4865401983261108,2.0
-0.7993326783180237,-1.3590611219406128,0.19232788681983948,0.9220669269561768,3.0
-0.7936697006225586,-0.5721723437309265,-0.7594512104988098,0.9846200346946716,3.0
-0.7691818475723267,1.0787090063095093,-2.417384386062622,1.2672749757766724,3.0
-0.9493064284324646,-0.27920547127723694,-0.21256062388420105,0.85066819190979,3.0
-0.9636932611465454,0.6950463056564331,-1.2269057035446167,1.1330153942108154,3.0
-0.9017432928085327,0.352861225605011,-0.8504424095153809,0.8048359751701355,3.0
-0.9630653262138367,-0.20766836404800415,-0.2320949137210846,0.8531783223152161,3.0
-0.823259174823761,-2.2125723361968994,0.48013049364089966,1.0851657390594482,3.0
-0.6830283403396606,-0.4542916417121887,-1.1130659580230713,0.9070969223976135,3.0
-1.0158854722976685,-3.375253438949585,0.8258618712425232,1.4786286354064941,3.0
-0.4808976650238037,0.5968503355979919,-2.0130438804626465,0.6200481057167053,3.0
-0.6285364627838135,-1.4530235528945923,0.22555458545684814,1.001476526260376,3.0
-0.49611109495162964,-0.4258950650691986,-1.4619290828704834,0.790940523147583,3.0
-0.8064124584197998,-1.2505289316177368,-0.8619216680526733,1.43668532371521,3.0
-0.9009939432144165,0.5937604308128357,-1.1713790893554688,0.8886597752571106,3.0
-1.0146057605743408,0.06737159937620163,-0.3047484755516052,0.8645240068435669,3.0
-0.41299915313720703,-4.631010055541992,0.7023481726646423,1.0316908359527588,3.0
-0.7278574705123901,0.09949802607297897,-2.5271620750427246,1.3772335052490234,3.0
-0.913519024848938,0.051907580345869064,-0.5741382837295532,0.851401150226593,3.0
-0.9068431854248047,-3.94842791557312,1.3691065311431885,1.5897712707519531,3.0
0.0016831159591674805,1.5002272129058838,-3.631779909133911,0.8302513957023621,1.0
-0.549251914024353,-2.6935126781463623,-0.18022644519805908,1.1093811988830566,3.0
-1.0699491500854492,1.2014539241790771,-2.5093300342559814,1.2993637323379517,3.0
-0.5732567310333252,-4.279235363006592,1.5598227977752686,1.0746439695358276,2.0
-0.1725778579711914,-2.455724000930786,0.5329136252403259,1.1896038055419922,3.0
-1.0236958265304565,-2.4309616088867188,0.3612810969352722,1.4922115802764893,3.0
-0.4904066324234009,-0.025643594563007355,-1.1256755590438843,1.0496965646743774,3.0
-1.1609337329864502,1.2961910963058472,-2.002561092376709,1.0641099214553833,1.0
-0.8449221849441528,-0.6537214517593384,0.03769347071647644,0.9398841857910156,3.0
-0.8421066403388977,-0.2987687587738037,-0.5215103626251221,1.015608787536621,3.0
-0.841547429561615,-1.3454439640045166,-0.601233184337616,1.3773282766342163,3.0
-0.6370465755462646,-0.3809674382209778,-0.8272705078125,0.9850507974624634,3.0
-0.7784465551376343,-1.3029693365097046,-0.7929586172103882,1.1874704360961914,3.0
-0.735238790512085,0.5110118389129639,-1.4415206909179688,0.7173395156860352,3.0
-0.6873637437820435,-2.6936757564544678,0.07926470041275024,1.3740968704223633,3.0
-0.6790077090263367,0.907861590385437,-2.125296115875244,0.767876386642456,1.0
-0.5269076824188232,-2.1818058490753174,0.653490424156189,0.9022724628448486,3.0
-0.08823740482330322,-1.828783392906189,-2.2742063999176025,0.6444345712661743,3.0
-0.14230436086654663,2.213669776916504,-3.5742526054382324,0.8772051930427551,1.0
-0.5212270021438599,-4.941011428833008,2.2088868618011475,0.8051888942718506,2.0
-0.47836947441101074,-1.1182937622070312,-1.3482325077056885,1.1246269941329956,3.0
-0.7419860363006592,-0.943117618560791,-0.9057177901268005,1.2875339984893799,3.0
-0.046411216259002686,-3.9108705520629883,0.44650059938430786,0.6609878540039062,3.0
-0.12661832571029663,1.9297711849212646,-3.686610460281372,0.5540775060653687,1.0
-1.109009861946106,-2.732236385345459,1.1083333492279053,1.2930938005447388,3.0
-0.5101301670074463,0.28158000111579895,-1.67508864402771,0.9477588534355164,3.0
-1.1190706491470337,0.5657042264938354,-1.7269086837768555,1.349774956703186,3.0
-0.681519627571106,1.4071969985961914,-2.335395336151123,1.1135599613189697,1.0
-0.6613581776618958,0.07460296899080276,-1.1725828647613525,1.2759226560592651,3.0
-0.441586434841156,-3.1372029781341553,0.2891625761985779,1.1429502964019775,3.0
-0.09300124645233154,-0.5026298761367798,-2.1246421337127686,0.7117030620574951,3.0
-0.2921157479286194,-2.680373430252075,-1.4595065116882324,0.8224775195121765,3.0
-0.3047417402267456,-0.01107565313577652,-2.3685429096221924,0.6919518709182739,3.0
-0.18056035041809082,-0.8905566930770874,-2.207547903060913,1.0648691654205322,3.0
-0.8352168798446655,-1.02545166015625,-0.6040313243865967,1.16312575340271,3.0
-0.7221999168395996,-1.4361348152160645,-0.4530990719795227,1.2474093437194824,3.0
-0.35982489585876465,2.0367512702941895,-4.044450283050537,0.9789558053016663,1.0
-0.9550117254257202,0.21268197894096375,-0.5746177434921265,0.8417648077011108,3.0
-0.05484747886657715,-6.008307456970215,2.7176852226257324,0.7015700340270996,2.0
-0.7435380220413208,1.990289568901062,-4.015942096710205,1.0495703220367432,1.0
-1.0362489223480225,-2.939063787460327,1.2413136959075928,1.244323968887329,3.0
-1.6509557962417603,-1.7962620258331299,0.9939329028129578,1.4519028663635254,3.0
0.1222836971282959,-2.6616384983062744,-0.16672973334789276,0.9771275520324707,3.0
-0.30259978771209717,2.098888874053955,-4.1227216720581055,0.8400172591209412,1.0
-0.5150196552276611,-2.2272651195526123,0.28108155727386475,0.9333575963973999,3.0
-0.8025106191635132,0.04720737785100937,-1.7817399501800537,1.0369813442230225,3.0
-0.09598547220230103,0.883550763130188,-3.0123941898345947,0.8376221656799316,1.0
-0.843500554561615,-1.0410610437393188,-1.2397582530975342,1.041833758354187,3.0
-0.030723750591278076,2.979640483856201,-4.981631278991699,0.8046316504478455,1.0
-0.20886433124542236,-3.6229217052459717,1.1905090808868408,0.6856666803359985,2.0
-0.17482757568359375,2.4952964782714844,-4.113965034484863,0.7551923394203186,1.0
-0.5099817514419556,-1.4394373893737793,0.13836172223091125,1.0530016422271729,3.0
-0.9857558608055115,-1.8866249322891235,0.9477582573890686,1.2793965339660645,3.0
-0.47506600618362427,-1.7498369216918945,-0.06020280718803406,0.8597634434700012,3.0
-0.5535454154014587,-1.3482544422149658,-1.091263771057129,1.1554985046386719,3.0
-0.8210646510124207,2.308837652206421,-3.7251994609832764,0.9134699106216431,1.0
-0.11842173337936401,-3.604053258895874,1.1050381660461426,0.5581248998641968,2.0
-0.8324745893478394,-0.34411999583244324,-1.3633708953857422,1.4825794696807861,3.0
-0.36217498779296875,-3.736701250076294,1.0102934837341309,0.7243247628211975,2.0
-0.8436159491539001,-0.4633198380470276,-2.2544922828674316,0.947196364402771,3.0
-0.896401047706604,-0.773781418800354,-1.1443092823028564,1.2666120529174805,3.0
-0.8216989040374756,-0.24894979596138,-1.5827405452728271,1.3130548000335693,3.0
-0.6814872026443481,-2.5812315940856934,0.7513373494148254,1.1983392238616943,3.0
-0.5534846782684326,-1.0864758491516113,-1.02467679977417,1.143514633178711,3.0
-0.6880360841751099,-0.2994575500488281,-0.8805708885192871,0.7634222507476807,3.0
-0.16634827852249146,1.0710439682006836,-2.634143590927124,1.0101548433303833,1.0
-0.8165345191955566,-1.357862949371338,0.4308883547782898,1.0530344247817993,3.0
-0.4086846113204956,-2.8907418251037598,0.25638478994369507,1.156579613685608,3.0
-0.9302316904067993,-0.08857402950525284,-1.8133933544158936,1.2497899532318115,3.0
-0.1417028307914734,-4.789323329925537,2.123929738998413,0.8203288912773132,2.0
-0.12465566396713257,1.3142777681350708,-3.171415090560913,0.5034084916114807,1.0
-0.36916643381118774,-2.9842588901519775,0.9644984602928162,0.7999926209449768,2.0
-0.6549820303916931,-0.12881651520729065,-1.5769760608673096,1.156517505645752,3.0
-0.5801069736480713,-0.9240453839302063,-1.107177734375,1.0912432670593262,3.0
-0.8287055492401123,-0.6702675223350525,-0.02418878674507141,0.8936817646026611,3.0
-0.42086243629455566,1.6805329322814941,-2.7547690868377686,0.941857099533081,1.0
-0.7725070714950562,-4.048880577087402,1.2335374355316162,1.1924448013305664,2.0
0.014278531074523926,-0.9926674365997314,-1.9753804206848145,0.4720495045185089,3.0
-0.554408848285675,-2.128124237060547,-0.7716227173805237,1.0960302352905273,3.0
0.19203400611877441,-2.8869121074676514,-1.020087718963623,0.882805347442627,3.0
-0.4719841480255127,0.44016504287719727,-1.8668313026428223,0.7184997200965881,3.0
-0.8267440795898438,-1.938556432723999,-0.04726302623748779,1.3534728288650513,3.0
-0.16356360912322998,-1.8074103593826294,-0.6477809548377991,0.8302577137947083,3.0
-0.7295739054679871,-1.4782847166061401,-0.603395938873291,0.8716220855712891,3.0
0.04853057861328125,0.658221960067749,-2.496274709701538,0.8799753785133362,3.0
-0.7130616903305054,0.8027963638305664,-1.6737339496612549,0.6877162456512451,1.0
-0.24967682361602783,-3.877431631088257,1.514948844909668,0.7697994112968445,2.0
-0.2638965845108032,-1.8202767372131348,-1.4099771976470947,0.9736814498901367,3.0
-0.47200465202331543,0.7683581709861755,-2.0103824138641357,0.7530263662338257,1.0
-0.8215059041976929,-1.145210862159729,-0.6537038087844849,1.102870225906372,3.0
-0.8007799386978149,0.4507656395435333,-1.2067222595214844,0.7503244876861572,3.0
-0.8886715173721313,-0.930648684501648,-0.22568699717521667,1.2464348077774048,3.0
-0.7519713044166565,-0.7770259380340576,-0.6342045068740845,1.089462399482727,3.0
-0.34434473514556885,-3.867826223373413,1.877730131149292,1.1426658630371094,2.0
-1.0553110837936401,0.07024940103292465,-0.3010607361793518,0.874716579914093,3.0
-1.3500738143920898,-1.6202738285064697,0.14705118536949158,1.6031650304794312,3.0
-0.8073699474334717,0.6417723894119263,-1.7270195484161377,0.8491264581680298,3.0
-0.6191926598548889,-1.320863127708435,-0.07251667976379395,1.210463285446167,3.0
-1.0988717079162598,-0.7862614393234253,-0.9637614488601685,1.3598703145980835,3.0
-0.040788471698760986,-3.6940858364105225,0.8994632363319397,0.4342796802520752,2.0
-0.9111490845680237,-1.1675869226455688,-0.5672686100006104,1.3567456007003784,3.0
-0.7991011142730713,0.37827742099761963,-1.571629285812378,1.0731641054153442,3.0
-1.0774821043014526,0.596115231513977,-1.3787376880645752,1.3438825607299805,3.0
-0.8885726928710938,-0.3781818449497223,-0.10846203565597534,0.900952160358429,3.0
-0.3814491033554077,-3.5538454055786133,0.6032188534736633,1.1300781965255737,3.0
-0.35998445749282837,1.2888370752334595,-2.8438589572906494,0.7336040139198303,1.0
-0.6517097353935242,-4.2421064376831055,1.8247952461242676,1.1556566953659058,2.0
0.1039266586303711,-1.8873662948608398,-1.4384808540344238,0.4088919162750244,3.0
-0.4124326705932617,-0.6271125674247742,-1.6274328231811523,0.8930710554122925,3.0
0.09545242786407471,-3.2157142162323,0.16924956440925598,0.9150211811065674,3.0
-0.1530633568763733,-1.1643986701965332,-2.1310489177703857,0.9679312109947205,3.0
-0.9372466802597046,0.31268393993377686,-2.1736257076263428,1.336008071899414,3.0
-0.2282659411430359,1.53284752368927,-2.538439989089966,1.0320097208023071,1.0
-1.3263554573059082,-0.4189895689487457,0.05307060480117798,1.6674364805221558,3.0
-0.575980544090271,-2.0510261058807373,0.5845504403114319,0.9261191487312317,3.0
-0.5540429353713989,-1.3633909225463867,-0.8942320942878723,1.0883326530456543,3.0
-0.9732383489608765,0.4117310345172882,-1.7057652473449707,1.2721517086029053,3.0
-1.7329907417297363,1.6363468170166016,-2.020688772201538,1.4156286716461182,1.0
-0.18080604076385498,-4.669680595397949,2.2029809951782227,0.8348510265350342,2.0
-0.3781471848487854,-0.8981653451919556,-2.1846683025360107,0.8506041765213013,3.0
-0.30197590589523315,-2.2748889923095703,-0.6233136653900146,0.8460849523544312,3.0
0.6738618612289429,-1.1432092189788818,-2.0259897708892822,0.6724957823753357,0.0
-0.08994406461715698,-2.2452356815338135,-1.0599327087402344,0.8874766230583191,3.0
-1.2052013874053955,1.1066443920135498,-2.0967278480529785,1.4228062629699707,3.0
-0.9237898588180542,-0.9113029837608337,0.01678788661956787,1.0961164236068726,3.0
-0.24294430017471313,-2.7880303859710693,0.6744377017021179,0.8827303647994995,3.0
-0.4976464509963989,-1.767512321472168,-1.2473570108413696,0.8293057680130005,3.0
0.344022274017334,0.24132829904556274,-2.696507453918457,0.8138443231582642,3.0
-0.16295313835144043,-1.70395827293396,-1.1160502433776855,0.8645156621932983,3.0
-0.5270782709121704,0.7458979487419128,-2.2512595653533936,1.0347926616668701,3.0
-1.0516283512115479,-0.025119096040725708,-0.901497483253479,1.2782588005065918,3.0
-0.4394988417625427,-3.577341318130493,0.839976966381073,0.805343747138977,2.0
-0.6411123275756836,0.8924114108085632,-1.5757513046264648,0.9237880110740662,3.0
-0.5003087520599365,-2.312701940536499,0.07000282406806946,0.887645423412323,3.0
-0.3554009795188904,-1.946990966796875,-0.8630505800247192,1.1069722175598145,3.0
-0.9850440621376038,1.2463123798370361,-2.087254285812378,0.929369330406189,1.0
-1.7732259035110474,0.016400419175624847,-0.4254283308982849,1.7565698623657227,3.0
-0.7189162969589233,-1.2579066753387451,0.08986151218414307,0.7921265363693237,3.0
-0.5994572639465332,-1.1642199754714966,-1.5561854839324951,1.253190517425537,3.0
-0.38141894340515137,-1.7802224159240723,-0.6229202151298523,1.0197923183441162,3.0
-1.257959008216858,-1.1082980632781982,-1.4268808364868164,1.2288124561309814,3.0
-0.47985589504241943,1.069516658782959,-2.7982370853424072,0.894447922706604,1.0
-0.5511318445205688,0.3169638514518738,-2.128387212753296,0.6265238523483276,3.0
-0.032744407653808594,-1.9933784008026123,-1.5693585872650146,0.7306985259056091,3.0
-0.1694575548171997,-2.854119062423706,-0.988904595375061,0.8997235298156738,3.0
0.6890757083892822,-2.067901849746704,-2.1210081577301025,0.37434399127960205,0.0
0.19883441925048828,2.0170013904571533,-4.08526611328125,0.8060534596443176,1.0
-0.3022681474685669,-0.9455984830856323,-0.8210784196853638,0.8456180691719055,3.0
-0.7401196956634521,-0.6918732523918152,-1.0850329399108887,1.352750539779663,3.0
-0.48373091220855713,-2.714184284210205,0.0725233256816864,1.2162141799926758,3.0
-1.4267523288726807,0.17144963145256042,-0.9771866202354431,1.6326484680175781,3.0
-0.8577378392219543,-0.2681737244129181,-0.2880261540412903,0.9101219177246094,3.0
-1.1280639171600342,1.856209635734558,-3.2088518142700195,1.3187849521636963,1.0
-0.76617032289505,-0.763123095035553,-0.09991520643234253,0.8889274597167969,3.0
-1.3404664993286133,0.5425459742546082,-1.3811631202697754,1.5916175842285156,3.0
0.2799626588821411,-3.8584723472595215,0.8309047818183899,0.8575438857078552,3.0
-0.8997367024421692,1.3139744997024536,-2.3801214694976807,0.8054333925247192,1.0
-1.0146057605743408,0.06737159937620163,-0.3047484755516052,0.8645240068435669,3.0
-1.0146057605743408,0.06737159937620163,-0.3047484755516052,0.8645240068435669,3.0
-0.7795935869216919,-1.99668550491333,0.5384632349014282,0.9753453731536865,3.0
-1.4820537567138672,1.7141849994659424,-2.4030027389526367,1.2050966024398804,1.0
-0.6822466254234314,-1.9467933177947998,0.8281378149986267,1.1060667037963867,3.0
-0.5225018262863159,1.2913895845413208,-2.303617000579834,0.9158740043640137,1.0
-0.9849662780761719,-0.1301121711730957,-0.23499923944473267,0.868138313293457,3.0
-0.6668615341186523,0.15305617451667786,-0.879143476486206,0.9509536623954773,3.0
-0.4762728214263916,-1.692718505859375,-1.2701663970947266,1.2383363246917725,3.0
0.06821322441101074,-5.263394832611084,2.0540730953216553,0.555742621421814,2.0
-0.652396559715271,0.9147225618362427,-3.302105188369751,1.2041957378387451,3.0
-0.4641081690788269,-1.3269352912902832,-0.5037840008735657,1.079586148262024,3.0
-0.7437680959701538,0.6745615601539612,-1.2040796279907227,0.9678527116775513,3.0
-1.169551968574524,-1.8806264400482178,0.35806089639663696,0.956121563911438,3.0
-0.6690622568130493,-0.24793732166290283,-0.8421208262443542,0.8894920945167542,3.0
-0.7976612448692322,0.12303944677114487,-0.7379204034805298,0.8780179619789124,3.0
-0.5797058343887329,-4.1073455810546875,1.4999299049377441,0.9218146800994873,2.0
-0.6462569832801819,1.9705802202224731,-3.900120258331299,0.8825128674507141,1.0
-1.054301142692566,0.08327150344848633,-0.30837875604629517,0.8734381794929504,3.0
-1.0073374509811401,-5.139726638793945,2.604663610458374,1.0976572036743164,2.0
-0.7647087574005127,0.6150320768356323,-1.2007681131362915,0.8516998291015625,3.0
-0.8949050903320312,-2.7154486179351807,0.9103853106498718,1.0434685945510864,3.0
-0.7453296184539795,0.7263698577880859,-1.5532708168029785,0.7282199263572693,3.0
-0.7458685636520386,-1.0622345209121704,0.24578702449798584,0.9911259412765503,3.0
-0.9678797125816345,-0.21534225344657898,-0.3216012716293335,0.8954177498817444,3.0
-0.9229398369789124,-0.3919121325016022,-0.3822009563446045,0.9151845574378967,3.0
-1.036737322807312,-0.13889649510383606,-1.509176254272461,0.9452022910118103,3.0
-0.6901835203170776,-0.23812636733055115,-2.0921707153320312,1.2543190717697144,3.0
-0.045328497886657715,-1.4284052848815918,-1.0945496559143066,0.6784608364105225,3.0
-0.941657543182373,1.9528719186782837,-3.6600914001464844,1.2519099712371826,1.0
-0.6334589719772339,-4.365103721618652,1.6861467361450195,1.0395538806915283,2.0
-0.6174994111061096,1.0458061695098877,-2.1215407848358154,0.622262716293335,1.0
-0.745570182800293,-1.1402511596679688,0.06518566608428955,0.822497546672821,3.0
-0.8674718737602234,0.6265227794647217,-1.8047871589660645,1.2747910022735596,3.0
-0.40014100074768066,-2.3814189434051514,0.5239133834838867,0.787488579750061,3.0
-1.12333083152771,1.1465030908584595,-2.368108034133911,1.141817569732666,1.0
-0.842798113822937,0.4835098385810852,-1.0777764320373535,0.7972450852394104,3.0
-0.4053265452384949,-4.036037921905518,1.4114353656768799,0.7575076818466187,2.0
-0.43758267164230347,-0.2587115168571472,-2.764679431915283,0.9827355146408081,3.0
-0.4503423571586609,-0.7140413522720337,-1.6645147800445557,1.0261317491531372,3.0
-0.4809610843658447,-1.319827675819397,-0.4890422224998474,1.0914920568466187,3.0
-1.1534355878829956,-0.6370243430137634,0.29470622539520264,1.132636547088623,3.0
-1.4696553945541382,0.27779170870780945,-0.6191761493682861,1.414567470550537,3.0
-0.17800450325012207,-3.9438860416412354,1.1254472732543945,0.6131653785705566,2.0
-0.3876122236251831,1.4196703433990479,-3.9845519065856934,0.9832537770271301,1.0
-0.22420543432235718,-1.519755244255066,-1.9647185802459717,0.7271922826766968,3.0
-0.008439779281616211,-0.25851282477378845,-2.097578525543213,0.6169530749320984,3.0
-0.46731626987457275,-1.2196300029754639,-0.34717443585395813,0.8204766511917114,3.0
-0.38234490156173706,-1.9515647888183594,-1.1038737297058105,1.0020438432693481,3.0
-0.9053356647491455,1.43404221534729,-2.5178041458129883,0.772118091583252,1.0
-1.3243787288665771,-3.3534116744995117,1.4410059452056885,1.1536121368408203,2.0
0.5479385852813721,-1.5990893840789795,-2.7094178199768066,0.10803830623626709,0.0
-0.36124497652053833,-1.3436837196350098,-1.9174187183380127,1.1595728397369385,3.0
-0.33031409978866577,-1.247483491897583,-1.0105416774749756,0.9168152213096619,3.0
-0.6051725149154663,-2.051358461380005,-0.8422688841819763,1.1094834804534912,3.0
-0.9206329584121704,2.1924965381622314,-3.5341053009033203,0.8858686685562134,1.0
-0.090251624584198,-4.7946271896362305,2.108865976333618,0.7716103792190552,2.0
-0.5076355934143066,0.5046204924583435,-2.0935916900634766,0.9368646144866943,3.0
-0.6552927494049072,-2.6885950565338135,0.5915245413780212,1.0455702543258667,3.0
-1.0771406888961792,-1.0493993759155273,-1.165669322013855,1.2875020503997803,3.0
-0.7057672739028931,-0.20992648601531982,-0.7672116756439209,0.8784555196762085,3.0
0.13882946968078613,-5.514301300048828,2.1130239963531494,0.5047399997711182,2.0
-0.17927277088165283,-1.8835099935531616,-1.9373195171356201,0.9450740218162537,3.0
-0.06623679399490356,0.42944276332855225,-2.309743881225586,0.7665528655052185,3.0
-1.617602825164795,0.429894357919693,-1.5552833080291748,1.098983645439148,3.0
-0.824134349822998,-3.411051034927368,1.5439457893371582,1.3789845705032349,2.0
-0.623539924621582,-2.45245361328125,0.6231393218040466,0.8408874273300171,3.0
-0.1659889817237854,-3.4008002281188965,-0.14129704236984253,0.8435146808624268,3.0
-0.45721256732940674,1.9339802265167236,-3.9012362957000732,0.6726961135864258,1.0
-0.975037157535553,-0.4732520580291748,-0.4778076708316803,1.026517391204834,3.0
-0.1673991084098816,-3.8318228721618652,0.8887231945991516,0.7409906387329102,2.0
0.05050373077392578,-2.763225793838501,-1.7242376804351807,0.7885090708732605,3.0
-0.442396342754364,-1.2695083618164062,-1.88690185546875,1.1868263483047485,3.0
-0.6567211151123047,0.9529168605804443,-1.947493076324463,0.6412107944488525,1.0
-1.314897060394287,1.2743126153945923,-2.165259599685669,1.4811370372772217,3.0
